Workbook
Name pt: Jan!$I$19

Sheet Year
A2: Year : | B2: 2026

Sheet Sheet1
A1: Analyst Name: | B1: Deloitte Email ID: | C1: Module: | D1: Location: | E1: PTO Type: | F1: From Date: | G1: To Date: | H1: Reason of PTO: | I1: Status: | J1: PTO Count | K1: Email Status | L1: Approver | M1: Active/Inactive
A2: Nitish Kumar | B2: =_xlfn.XLOOKUP(Christus_Emp_Table[[#This Row],[Analyst Name:]],[1]!Table1[Analyst Name],[1]!Table1[Deloitte Email ID]) -> #REF! | C2: =_xlfn.XLOOKUP(Christus_Emp_Table[[#This Row],[Analyst Name:]],[1]!Table1[Analyst Name],[1]!Table1[Module]) -> #REF! | D2: =_xlfn.XLOOKUP(Christus_Emp_Table[[#This Row],[Analyst Name:]],[1]!Table1[Analyst Name],[1]!Table1[Location]) -> #REF! | E2: PTO | F2: 45663 | G2: 45663 | H2: PTO | I2: Approved | J2: =NETWORKDAYS(Christus_Emp_Table[[#This Row],[From Date:]],Christus_Emp_Table[[#This Row],[To Date:]]) -> 1 | L2: =_xlfn.XLOOKUP(Christus_Emp_Table[[#This Row],[Analyst Name:]],[1]!Table1[Analyst Name],[1]!Table1[Lead]) -> #REF! | M2: =_xlfn.XLOOKUP(Christus_Emp_Table[[#This Row],[Analyst Name:]],[1]!Table1[Analyst Name],[1]!Table1[Active/Inactive]) -> #REF!
A3: Sruthi G | B3: =_xlfn.XLOOKUP(Christus_Emp_Table[[#This Row],[Analyst Name:]],[1]!Table1[Analyst Name],[1]!Table1[Deloitte Email ID]) -> #REF! | C3: =_xlfn.XLOOKUP(Christus_Emp_Table[[#This Row],[Analyst Name:]],[1]!Table1[Analyst Name],[1]!Table1[Module]) -> #REF! | D3: =_xlfn.XLOOKUP(Christus_Emp_Table[[#This Row],[Analyst Name:]],[1]!Table1[Analyst Name],[1]!Table1[Location]) -> #REF! | E3: PTO | F3: 45670 | G3: 45673 | H3: PTO | I3: Approved | J3: =NETWORKDAYS(Christus_Emp_Table[[#This Row],[From Date:]],Christus_Emp_Table[[#This Row],[To Date:]]) -> 4 | L3: =_xlfn.XLOOKUP(Christus_Emp_Table[[#This Row],[Analyst Name:]],[1]!Table1[Analyst Name],[1]!Table1[Lead]) -> #REF! | M3: =_xlfn.XLOOKUP(Christus_Emp_Table[[#This Row],[Analyst Name:]],[1]!Table1[Analyst Name],[1]!Table1[Active/Inactive]) -> #REF!
A4: Sruthi G | B4: =_xlfn.XLOOKUP(Christus_Emp_Table[[#This Row],[Analyst Name:]],[1]!Table1[Analyst Name],[1]!Table1[Deloitte Email ID]) -> #REF! | C4: =_xlfn.XLOOKUP(Christus_Emp_Table[[#This Row],[Analyst Name:]],[1]!Table1[Analyst Name],[1]!Table1[Module]) -> #REF! | D4: =_xlfn.XLOOKUP(Christus_Emp_Table[[#This Row],[Analyst Name:]],[1]!Table1[Analyst Name],[1]!Table1[Location]) -> #REF! | E4: PTO | F4: 45677 | G4: 45677 | H4: PTO | I4: Approved | J4: =NETWORKDAYS(Christus_Emp_Table[[#This Row],[From Date:]],Christus_Emp_Table[[#This Row],[To Date:]]) -> 1 | L4: =_xlfn.XLOOKUP(Christus_Emp_Table[[#This Row],[Analyst Name:]],[1]!Table1[Analyst Name],[1]!Table1[Lead]) -> #REF! | M4: =_xlfn.XLOOKUP(Christus_Emp_Table[[#This Row],[Analyst Name:]],[1]!Table1[Analyst Name],[1]!Table1[Active/Inactive]) -> #REF!
A5: Anusree Saha | B5: =_xlfn.XLOOKUP(Christus_Emp_Table[[#This Row],[Analyst Name:]],[1]!Table1[Analyst Name],[1]!Table1[Deloitte Email ID]) -> #REF! | C5: =_xlfn.XLOOKUP(Christus_Emp_Table[[#This Row],[Analyst Name:]],[1]!Table1[Analyst Name],[1]!Table1[Module]) -> #REF! | D5: =_xlfn.XLOOKUP(Christus_Emp_Table[[#This Row],[Analyst Name:]],[1]!Table1[Analyst Name],[1]!Table1[Location]) -> #REF! | E5: PTO | F5: 45670 | G5: 45670 | H5: PTO | I5: Approved | J5: =NETWORKDAYS(Christus_Emp_Table[[#This Row],[From Date:]],Christus_Emp_Table[[#This Row],[To Date:]]) -> 1 | L5: =_xlfn.XLOOKUP(Christus_Emp_Table[[#This Row],[Analyst Name:]],[1]!Table1[Analyst Name],[1]!Table1[Lead]) -> #REF! | M5: =_xlfn.XLOOKUP(Christus_Emp_Table[[#This Row],[Analyst Name:]],[1]!Table1[Analyst Name],[1]!Table1[Active/Inactive]) -> #REF!
A6: Anusree Saha | B6: =_xlfn.XLOOKUP(Christus_Emp_Table[[#This Row],[Analyst Name:]],[1]!Table1[Analyst Name],[1]!Table1[Deloitte Email ID]) -> #REF! | C6: =_xlfn.XLOOKUP(Christus_Emp_Table[[#This Row],[Analyst Name:]],[1]!Table1[Analyst Name],[1]!Table1[Module]) -> #REF! | D6: =_xlfn.XLOOKUP(Christus_Emp_Table[[#This Row],[Analyst Name:]],[1]!Table1[Analyst Name],[1]!Table1[Location]) -> #REF! | E6: Emergency | F6: 45688 | G6: 45688 | H6: Sick Leave | I6: Approved | J6: =NETWORKDAYS(Christus_Emp_Table[[#This Row],[From Date:]],Christus_Emp_Table[[#This Row],[To Date:]]) -> 1 | L6: =_xlfn.XLOOKUP(Christus_Emp_Table[[#This Row],[Analyst Name:]],[1]!Table1[Analyst Name],[1]!Table1[Lead]) -> #REF! | M6: =_xlfn.XLOOKUP(Christus_Emp_Table[[#This Row],[Analyst Name:]],[1]!Table1[Analyst Name],[1]!Table1[Active/Inactive]) -> #REF!
A7: Akshaya Kumar | B7: =_xlfn.XLOOKUP(Christus_Emp_Table[[#This Row],[Analyst Name:]],[1]!Table1[Analyst Name],[1]!Table1[Deloitte Email ID]) -> #REF! | C7: =_xlfn.XLOOKUP(Christus_Emp_Table[[#This Row],[Analyst Name:]],[1]!Table1[Analyst Name],[1]!Table1[Module]) -> #REF! | D7: =_xlfn.XLOOKUP(Christus_Emp_Table[[#This Row],[Analyst Name:]],[1]!Table1[Analyst Name],[1]!Table1[Location]) -> #REF! | E7: Emergency | F7: 45688 | G7: 45688 | H7: Sick Leave | I7: Approved | J7: =NETWORKDAYS(Christus_Emp_Table[[#This Row],[From Date:]],Christus_Emp_Table[[#This Row],[To Date:]]) -> 1 | L7: =_xlfn.XLOOKUP(Christus_Emp_Table[[#This Row],[Analyst Name:]],[1]!Table1[Analyst Name],[1]!Table1[Lead]) -> #REF! | M7: =_xlfn.XLOOKUP(Christus_Emp_Table[[#This Row],[Analyst Name:]],[1]!Table1[Analyst Name],[1]!Table1[Active/Inactive]) -> #REF!
A8: Rajitha D | B8: =_xlfn.XLOOKUP(Christus_Emp_Table[[#This Row],[Analyst Name:]],[1]!Table1[Analyst Name],[1]!Table1[Deloitte Email ID]) -> #REF! | C8: =_xlfn.XLOOKUP(Christus_Emp_Table[[#This Row],[Analyst Name:]],[1]!Table1[Analyst Name],[1]!Table1[Module]) -> #REF! | D8: =_xlfn.XLOOKUP(Christus_Emp_Table[[#This Row],[Analyst Name:]],[1]!Table1[Analyst Name],[1]!Table1[Location]) -> #REF! | E8: PTO | F8: 45663 | G8: 45663 | H8: PTO | I8: Approved | J8: =NETWORKDAYS(Christus_Emp_Table[[#This Row],[From Date:]],Christus_Emp_Table[[#This Row],[To Date:]]) -> 1 | L8: =_xlfn.XLOOKUP(Christus_Emp_Table[[#This Row],[Analyst Name:]],[1]!Table1[Analyst Name],[1]!Table1[Lead]) -> #REF! | M8: =_xlfn.XLOOKUP(Christus_Emp_Table[[#This Row],[Analyst Name:]],[1]!Table1[Analyst Name],[1]!Table1[Active/Inactive]) -> #REF!
A9: Rajitha D | B9: =_xlfn.XLOOKUP(Christus_Emp_Table[[#This Row],[Analyst Name:]],[1]!Table1[Analyst Name],[1]!Table1[Deloitte Email ID]) -> #REF! | C9: =_xlfn.XLOOKUP(Christus_Emp_Table[[#This Row],[Analyst Name:]],[1]!Table1[Analyst Name],[1]!Table1[Module]) -> #REF! | D9: =_xlfn.XLOOKUP(Christus_Emp_Table[[#This Row],[Analyst Name:]],[1]!Table1[Analyst Name],[1]!Table1[Location]) -> #REF! | E9: Half Day | F9: 45665 | G9: 45665 | H9: PTO | I9: Approved | J9: =NETWORKDAYS(Christus_Emp_Table[[#This Row],[From Date:]],Christus_Emp_Table[[#This Row],[To Date:]]) -> 1 | L9: =_xlfn.XLOOKUP(Christus_Emp_Table[[#This Row],[Analyst Name:]],[1]!Table1[Analyst Name],[1]!Table1[Lead]) -> #REF! | M9: =_xlfn.XLOOKUP(Christus_Emp_Table[[#This Row],[Analyst Name:]],[1]!Table1[Analyst Name],[1]!Table1[Active/Inactive]) -> #REF!
A10: Rajitha D | B10: =_xlfn.XLOOKUP(Christus_Emp_Table[[#This Row],[Analyst Name:]],[1]!Table1[Analyst Name],[1]!Table1[Deloitte Email ID]) -> #REF! | C10: =_xlfn.XLOOKUP(Christus_Emp_Table[[#This Row],[Analyst Name:]],[1]!Table1[Analyst Name],[1]!Table1[Module]) -> #REF! | D10: =_xlfn.XLOOKUP(Christus_Emp_Table[[#This Row],[Analyst Name:]],[1]!Table1[Analyst Name],[1]!Table1[Location]) -> #REF! | E10: Emergency | F10: 45685 | G10: 45685 | H10: Sick Leave | I10: Approved | J10: =NETWORKDAYS(Christus_Emp_Table[[#This Row],[From Date:]],Christus_Emp_Table[[#This Row],[To Date:]]) -> 1 | L10: =_xlfn.XLOOKUP(Christus_Emp_Table[[#This Row],[Analyst Name:]],[1]!Table1[Analyst Name],[1]!Table1[Lead]) -> #REF! | M10: =_xlfn.XLOOKUP(Christus_Emp_Table[[#This Row],[Analyst Name:]],[1]!Table1[Analyst Name],[1]!Table1[Active/Inactive]) -> #REF!
A11: Pragati Rawat | B11: =_xlfn.XLOOKUP(Christus_Emp_Table[[#This Row],[Analyst Name:]],[1]!Table1[Analyst Name],[1]!Table1[Deloitte Email ID]) -> #REF! | C11: =_xlfn.XLOOKUP(Christus_Emp_Table[[#This Row],[Analyst Name:]],[1]!Table1[Analyst Name],[1]!Table1[Module]) -> #REF! | D11: =_xlfn.XLOOKUP(Christus_Emp_Table[[#This Row],[Analyst Name:]],[1]!Table1[Analyst Name],[1]!Table1[Location]) -> #REF! | E11: PTO | F11: 45659 | G11: 45660 | H11: PTO | I11: Approved | J11: =NETWORKDAYS(Christus_Emp_Table[[#This Row],[From Date:]],Christus_Emp_Table[[#This Row],[To Date:]]) -> 2 | L11: =_xlfn.XLOOKUP(Christus_Emp_Table[[#This Row],[Analyst Name:]],[1]!Table1[Analyst Name],[1]!Table1[Lead]) -> #REF! | M11: =_xlfn.XLOOKUP(Christus_Emp_Table[[#This Row],[Analyst Name:]],[1]!Table1[Analyst Name],[1]!Table1[Active/Inactive]) -> #REF!
A12: Pragati Rawat | B12: =_xlfn.XLOOKUP(Christus_Emp_Table[[#This Row],[Analyst Name:]],[1]!Table1[Analyst Name],[1]!Table1[Deloitte Email ID]) -> #REF! | C12: =_xlfn.XLOOKUP(Christus_Emp_Table[[#This Row],[Analyst Name:]],[1]!Table1[Analyst Name],[1]!Table1[Module]) -> #REF! | D12: =_xlfn.XLOOKUP(Christus_Emp_Table[[#This Row],[Analyst Name:]],[1]!Table1[Analyst Name],[1]!Table1[Location]) -> #REF! | E12: Emergency | F12: 45666 | G12: 45666 | H12: Sick Leave | I12: Approved | J12: =NETWORKDAYS(Christus_Emp_Table[[#This Row],[From Date:]],Christus_Emp_Table[[#This Row],[To Date:]]) -> 1 | L12: =_xlfn.XLOOKUP(Christus_Emp_Table[[#This Row],[Analyst Name:]],[1]!Table1[Analyst Name],[1]!Table1[Lead]) -> #REF! | M12: =_xlfn.XLOOKUP(Christus_Emp_Table[[#This Row],[Analyst Name:]],[1]!Table1[Analyst Name],[1]!Table1[Active/Inactive]) -> #REF!
A13: Ankita Roy | B13: =_xlfn.XLOOKUP(Christus_Emp_Table[[#This Row],[Analyst Name:]],[1]!Table1[Analyst Name],[1]!Table1[Deloitte Email ID]) -> #REF! | C13: =_xlfn.XLOOKUP(Christus_Emp_Table[[#This Row],[Analyst Name:]],[1]!Table1[Analyst Name],[1]!Table1[Module]) -> #REF! | D13: =_xlfn.XLOOKUP(Christus_Emp_Table[[#This Row],[Analyst Name:]],[1]!Table1[Analyst Name],[1]!Table1[Location]) -> #REF! | E13: Emergency | F13: 45664 | G13: 45664 | H13: Sick Leave | I13: Approved | J13: =NETWORKDAYS(Christus_Emp_Table[[#This Row],[From Date:]],Christus_Emp_Table[[#This Row],[To Date:]]) -> 1 | L13: =_xlfn.XLOOKUP(Christus_Emp_Table[[#This Row],[Analyst Name:]],[1]!Table1[Analyst Name],[1]!Table1[Lead]) -> #REF! | M13: =_xlfn.XLOOKUP(Christus_Emp_Table[[#This Row],[Analyst Name:]],[1]!Table1[Analyst Name],[1]!Table1[Active/Inactive]) -> #REF!
... A328: Nitish Kumar | B328: =_xlfn.XLOOKUP(Christus_Emp_Table[[#This Row],[Analyst Name:]],[1]!Table1[Analyst Name],[1]!Table1[Deloitte Email ID]) -> #REF! | C328: =_xlfn.XLOOKUP(Christus_Emp_Table[[#This Row],[Analyst Name:]],[1]!Table1[Analyst Name],[1]!Table1[Module]) -> #REF! | D328: =_xlfn.XLOOKUP(Christus_Emp_Table[[#This Row],[Analyst Name:]],[1]!Table1[Analyst Name],[1]!Table1[Location]) -> #REF! | E328: PTO | F328: 46001 | G328: 46001 | H328: PTO | I328: Approved | J328: =NETWORKDAYS(Christus_Emp_Table[[#This Row],[From Date:]],Christus_Emp_Table[[#This Row],[To Date:]]) -> 1 | L328: =_xlfn.XLOOKUP(Christus_Emp_Table[[#This Row],[Analyst Name:]],[1]!Table1[Analyst Name],[1]!Table1[Lead]) -> #REF! | M328: =_xlfn.XLOOKUP(Christus_Emp_Table[[#This Row],[Analyst Name:]],[1]!Table1[Analyst Name],[1]!Table1[Active/Inactive]) -> #REF!
A329: Nitish Kumar | B329: =_xlfn.XLOOKUP(Christus_Emp_Table[[#This Row],[Analyst Name:]],[1]!Table1[Analyst Name],[1]!Table1[Deloitte Email ID]) -> #REF! | C329: =_xlfn.XLOOKUP(Christus_Emp_Table[[#This Row],[Analyst Name:]],[1]!Table1[Analyst Name],[1]!Table1[Module]) -> #REF! | D329: =_xlfn.XLOOKUP(Christus_Emp_Table[[#This Row],[Analyst Name:]],[1]!Table1[Analyst Name],[1]!Table1[Location]) -> #REF! | E329: PTO | F329: 45954 | G329: 45954 | H329: PTO | I329: Approved | J329: 1 | L329: =_xlfn.XLOOKUP(Christus_Emp_Table[[#This Row],[Analyst Name:]],[1]!Table1[Analyst Name],[1]!Table1[Lead]) -> #REF! | M329: =_xlfn.XLOOKUP(Christus_Emp_Table[[#This Row],[Analyst Name:]],[1]!Table1[Analyst Name],[1]!Table1[Active/Inactive]) -> #REF!
A330: Nitish Kumar | B330: =_xlfn.XLOOKUP(Christus_Emp_Table[[#This Row],[Analyst Name:]],[1]!Table1[Analyst Name],[1]!Table1[Deloitte Email ID]) -> #REF! | C330: =_xlfn.XLOOKUP(Christus_Emp_Table[[#This Row],[Analyst Name:]],[1]!Table1[Analyst Name],[1]!Table1[Module]) -> #REF! | D330: =_xlfn.XLOOKUP(Christus_Emp_Table[[#This Row],[Analyst Name:]],[1]!Table1[Analyst Name],[1]!Table1[Location]) -> #REF! | E330: Emergency | F330: 45787 | G330: 45787 | H330: Sick Leave | I330: Approved | J330: =NETWORKDAYS(Christus_Emp_Table[[#This Row],[From Date:]],Christus_Emp_Table[[#This Row],[To Date:]]) -> 0 | L330: =_xlfn.XLOOKUP(Christus_Emp_Table[[#This Row],[Analyst Name:]],[1]!Table1[Analyst Name],[1]!Table1[Lead]) -> #REF! | M330: =_xlfn.XLOOKUP(Christus_Emp_Table[[#This Row],[Analyst Name:]],[1]!Table1[Analyst Name],[1]!Table1[Active/Inactive]) -> #REF!
A331: Bharti Kumari | B331: =_xlfn.XLOOKUP(Christus_Emp_Table[[#This Row],[Analyst Name:]],[1]!Table1[Analyst Name],[1]!Table1[Deloitte Email ID]) -> #REF! | C331: =_xlfn.XLOOKUP(Christus_Emp_Table[[#This Row],[Analyst Name:]],[1]!Table1[Analyst Name],[1]!Table1[Module]) -> #REF! | D331: =_xlfn.XLOOKUP(Christus_Emp_Table[[#This Row],[Analyst Name:]],[1]!Table1[Analyst Name],[1]!Table1[Location]) -> #REF! | E331: Emergency | F331: 45993 | G331: 45993 | H331: Sick Leave | I331: Approved | J331: =NETWORKDAYS(Christus_Emp_Table[[#This Row],[From Date:]],Christus_Emp_Table[[#This Row],[To Date:]]) -> 1 | L331: =_xlfn.XLOOKUP(Christus_Emp_Table[[#This Row],[Analyst Name:]],[1]!Table1[Analyst Name],[1]!Table1[Lead]) -> #REF! | M331: =_xlfn.XLOOKUP(Christus_Emp_Table[[#This Row],[Analyst Name:]],[1]!Table1[Analyst Name],[1]!Table1[Active/Inactive]) -> #REF!
A332: Jagannath Belel | B332: =_xlfn.XLOOKUP(Christus_Emp_Table[[#This Row],[Analyst Name:]],[1]!Table1[Analyst Name],[1]!Table1[Deloitte Email ID]) -> #REF! | C332: =_xlfn.XLOOKUP(Christus_Emp_Table[[#This Row],[Analyst Name:]],[1]!Table1[Analyst Name],[1]!Table1[Module]) -> #REF! | D332: =_xlfn.XLOOKUP(Christus_Emp_Table[[#This Row],[Analyst Name:]],[1]!Table1[Analyst Name],[1]!Table1[Location]) -> #REF! | E332: PTO | F332: 45999 | G332: 45999 | H332: PTO | I332: Approved | J332: =NETWORKDAYS(Christus_Emp_Table[[#This Row],[From Date:]],Christus_Emp_Table[[#This Row],[To Date:]]) -> 1 | L332: =_xlfn.XLOOKUP(Christus_Emp_Table[[#This Row],[Analyst Name:]],[1]!Table1[Analyst Name],[1]!Table1[Lead]) -> #REF! | M332: =_xlfn.XLOOKUP(Christus_Emp_Table[[#This Row],[Analyst Name:]],[1]!Table1[Analyst Name],[1]!Table1[Active/Inactive]) -> #REF!
A333: Friendsis Rai | B333: =_xlfn.XLOOKUP(Christus_Emp_Table[[#This Row],[Analyst Name:]],[1]!Table1[Analyst Name],[1]!Table1[Deloitte Email ID]) -> #REF! | C333: =_xlfn.XLOOKUP(Christus_Emp_Table[[#This Row],[Analyst Name:]],[1]!Table1[Analyst Name],[1]!Table1[Module]) -> #REF! | D333: =_xlfn.XLOOKUP(Christus_Emp_Table[[#This Row],[Analyst Name:]],[1]!Table1[Analyst Name],[1]!Table1[Location]) -> #REF! | E333: PTO | F333: 46013 | G333: 46015 | H333: PTO | I333: Approved | J333: =NETWORKDAYS(Christus_Emp_Table[[#This Row],[From Date:]],Christus_Emp_Table[[#This Row],[To Date:]]) -> 3 | L333: =_xlfn.XLOOKUP(Christus_Emp_Table[[#This Row],[Analyst Name:]],[1]!Table1[Analyst Name],[1]!Table1[Lead]) -> #REF! | M333: =_xlfn.XLOOKUP(Christus_Emp_Table[[#This Row],[Analyst Name:]],[1]!Table1[Analyst Name],[1]!Table1[Active/Inactive]) -> #REF!
A334: Parth Zalavadia | B334: =_xlfn.XLOOKUP(Christus_Emp_Table[[#This Row],[Analyst Name:]],[1]!Table1[Analyst Name],[1]!Table1[Deloitte Email ID]) -> #REF! | C334: =_xlfn.XLOOKUP(Christus_Emp_Table[[#This Row],[Analyst Name:]],[1]!Table1[Analyst Name],[1]!Table1[Module]) -> #REF! | D334: =_xlfn.XLOOKUP(Christus_Emp_Table[[#This Row],[Analyst Name:]],[1]!Table1[Analyst Name],[1]!Table1[Location]) -> #REF! | E334: PTO | F334: 46013 | G334: 46015 | H334: PTO | I334: Approved | J334: =NETWORKDAYS(Christus_Emp_Table[[#This Row],[From Date:]],Christus_Emp_Table[[#This Row],[To Date:]]) -> 3 | L334: =_xlfn.XLOOKUP(Christus_Emp_Table[[#This Row],[Analyst Name:]],[1]!Table1[Analyst Name],[1]!Table1[Lead]) -> #REF! | M334: =_xlfn.XLOOKUP(Christus_Emp_Table[[#This Row],[Analyst Name:]],[1]!Table1[Analyst Name],[1]!Table1[Active/Inactive]) -> #REF!
A335: Ujjwal waikar | B335: =_xlfn.XLOOKUP(Christus_Emp_Table[[#This Row],[Analyst Name:]],[1]!Table1[Analyst Name],[1]!Table1[Deloitte Email ID]) -> #REF! | C335: =_xlfn.XLOOKUP(Christus_Emp_Table[[#This Row],[Analyst Name:]],[1]!Table1[Analyst Name],[1]!Table1[Module]) -> #REF! | D335: =_xlfn.XLOOKUP(Christus_Emp_Table[[#This Row],[Analyst Name:]],[1]!Table1[Analyst Name],[1]!Table1[Location]) -> #REF! | E335: PTO | F335: 46013 | G335: 46015 | H335: PTO | I335: Approved | J335: =NETWORKDAYS(Christus_Emp_Table[[#This Row],[From Date:]],Christus_Emp_Table[[#This Row],[To Date:]]) -> 3 | L335: =_xlfn.XLOOKUP(Christus_Emp_Table[[#This Row],[Analyst Name:]],[1]!Table1[Analyst Name],[1]!Table1[Lead]) -> #REF! | M335: =_xlfn.XLOOKUP(Christus_Emp_Table[[#This Row],[Analyst Name:]],[1]!Table1[Analyst Name],[1]!Table1[Active/Inactive]) -> #REF!
A336: Robin babu | B336: =_xlfn.XLOOKUP(Christus_Emp_Table[[#This Row],[Analyst Name:]],[1]!Table1[Analyst Name],[1]!Table1[Deloitte Email ID]) -> #REF! | C336: =_xlfn.XLOOKUP(Christus_Emp_Table[[#This Row],[Analyst Name:]],[1]!Table1[Analyst Name],[1]!Table1[Module]) -> #REF! | D336: =_xlfn.XLOOKUP(Christus_Emp_Table[[#This Row],[Analyst Name:]],[1]!Table1[Analyst Name],[1]!Table1[Location]) -> #REF! | E336: PTO | F336: 46013 | G336: 46015 | H336: PTO | I336: Approved | J336: =NETWORKDAYS(Christus_Emp_Table[[#This Row],[From Date:]],Christus_Emp_Table[[#This Row],[To Date:]]) -> 3 | L336: =_xlfn.XLOOKUP(Christus_Emp_Table[[#This Row],[Analyst Name:]],[1]!Table1[Analyst Name],[1]!Table1[Lead]) -> #REF! | M336: =_xlfn.XLOOKUP(Christus_Emp_Table[[#This Row],[Analyst Name:]],[1]!Table1[Analyst Name],[1]!Table1[Active/Inactive]) -> #REF!
A337: Sujitha Satti | B337: =_xlfn.XLOOKUP(Christus_Emp_Table[[#This Row],[Analyst Name:]],[1]!Table1[Analyst Name],[1]!Table1[Deloitte Email ID]) -> #REF! | C337: =_xlfn.XLOOKUP(Christus_Emp_Table[[#This Row],[Analyst Name:]],[1]!Table1[Analyst Name],[1]!Table1[Module]) -> #REF! | D337: =_xlfn.XLOOKUP(Christus_Emp_Table[[#This Row],[Analyst Name:]],[1]!Table1[Analyst Name],[1]!Table1[Location]) -> #REF! | E337: PTO | F337: 46013 | G337: 46015 | H337: PTO | I337: Approved | J337: =NETWORKDAYS(Christus_Emp_Table[[#This Row],[From Date:]],Christus_Emp_Table[[#This Row],[To Date:]]) -> 3 | L337: =_xlfn.XLOOKUP(Christus_Emp_Table[[#This Row],[Analyst Name:]],[1]!Table1[Analyst Name],[1]!Table1[Lead]) -> #REF! | M337: =_xlfn.XLOOKUP(Christus_Emp_Table[[#This Row],[Analyst Name:]],[1]!Table1[Analyst Name],[1]!Table1[Active/Inactive]) -> #REF!
A338: Pragati Rawat | B338: =_xlfn.XLOOKUP(Christus_Emp_Table[[#This Row],[Analyst Name:]],[1]!Table1[Analyst Name],[1]!Table1[Deloitte Email ID]) -> #REF! | C338: =_xlfn.XLOOKUP(Christus_Emp_Table[[#This Row],[Analyst Name:]],[1]!Table1[Analyst Name],[1]!Table1[Module]) -> #REF! | D338: =_xlfn.XLOOKUP(Christus_Emp_Table[[#This Row],[Analyst Name:]],[1]!Table1[Analyst Name],[1]!Table1[Location]) -> #REF! | E338: PTO | F338: 46013 | G338: 46015 | H338: PTO | I338: Approved | J338: =NETWORKDAYS(Christus_Emp_Table[[#This Row],[From Date:]],Christus_Emp_Table[[#This Row],[To Date:]]) -> 3 | L338: =_xlfn.XLOOKUP(Christus_Emp_Table[[#This Row],[Analyst Name:]],[1]!Table1[Analyst Name],[1]!Table1[Lead]) -> #REF! | M338: =_xlfn.XLOOKUP(Christus_Emp_Table[[#This Row],[Analyst Name:]],[1]!Table1[Analyst Name],[1]!Table1[Active/Inactive]) -> #REF!
A339: Parth Zalavadia | B339: =_xlfn.XLOOKUP(Christus_Emp_Table[[#This Row],[Analyst Name:]],[1]!Table1[Analyst Name],[1]!Table1[Deloitte Email ID]) -> #REF! | C339: =_xlfn.XLOOKUP(Christus_Emp_Table[[#This Row],[Analyst Name:]],[1]!Table1[Analyst Name],[1]!Table1[Module]) -> #REF! | D339: =_xlfn.XLOOKUP(Christus_Emp_Table[[#This Row],[Analyst Name:]],[1]!Table1[Analyst Name],[1]!Table1[Location]) -> #REF! | E339: Emergency | F339: 45995 | G339: 45995 | H339: Sick Leave | I339: Approved | J339: =NETWORKDAYS(Christus_Emp_Table[[#This Row],[From Date:]],Christus_Emp_Table[[#This Row],[To Date:]]) -> 1 | L339: =_xlfn.XLOOKUP(Christus_Emp_Table[[#This Row],[Analyst Name:]],[1]!Table1[Analyst Name],[1]!Table1[Lead]) -> #REF! | M339: =_xlfn.XLOOKUP(Christus_Emp_Table[[#This Row],[Analyst Name:]],[1]!Table1[Analyst Name],[1]!Table1[Active/Inactive]) -> #REF!
A340: Robin babu | B340: =_xlfn.XLOOKUP(Christus_Emp_Table[[#This Row],[Analyst Name:]],[1]!Table1[Analyst Name],[1]!Table1[Deloitte Email ID]) -> #REF! | C340: =_xlfn.XLOOKUP(Christus_Emp_Table[[#This Row],[Analyst Name:]],[1]!Table1[Analyst Name],[1]!Table1[Module]) -> #REF! | D340: =_xlfn.XLOOKUP(Christus_Emp_Table[[#This Row],[Analyst Name:]],[1]!Table1[Analyst Name],[1]!Table1[Location]) -> #REF! | E340: Emergency | F340: 46010 | G340: 46010 | H340: Sick Leave | I340: Approved | J340: =NETWORKDAYS(Christus_Emp_Table[[#This Row],[From Date:]],Christus_Emp_Table[[#This Row],[To Date:]]) -> 1 | L340: =_xlfn.XLOOKUP(Christus_Emp_Table[[#This Row],[Analyst Name:]],[1]!Table1[Analyst Name],[1]!Table1[Lead]) -> #REF! | M340: =_xlfn.XLOOKUP(Christus_Emp_Table[[#This Row],[Analyst Name:]],[1]!Table1[Analyst Name],[1]!Table1[Active/Inactive]) -> #REF!
A341: Pavani B Raj | B341: =_xlfn.XLOOKUP(Christus_Emp_Table[[#This Row],[Analyst Name:]],[1]!Table1[Analyst Name],[1]!Table1[Deloitte Email ID]) -> #REF! | C341: =_xlfn.XLOOKUP(Christus_Emp_Table[[#This Row],[Analyst Name:]],[1]!Table1[Analyst Name],[1]!Table1[Module]) -> #REF! | D341: =_xlfn.XLOOKUP(Christus_Emp_Table[[#This Row],[Analyst Name:]],[1]!Table1[Analyst Name],[1]!Table1[Location]) -> #REF! | E341: Emergency | F341: 45994 | G341: 45994 | H341: Sick Leave | I341: Approved | J341: =NETWORKDAYS(Christus_Emp_Table[[#This Row],[From Date:]],Christus_Emp_Table[[#This Row],[To Date:]]) -> 1 | L341: =_xlfn.XLOOKUP(Christus_Emp_Table[[#This Row],[Analyst Name:]],[1]!Table1[Analyst Name],[1]!Table1[Lead]) -> #REF! | M341: =_xlfn.XLOOKUP(Christus_Emp_Table[[#This Row],[Analyst Name:]],[1]!Table1[Analyst Name],[1]!Table1[Active/Inactive]) -> #REF!
... A380: Tanu Gupta | B380: =_xlfn.XLOOKUP(Christus_Emp_Table[[#This Row],[Analyst Name:]],[1]!Table1[Analyst Name],[1]!Table1[Deloitte Email ID]) -> #REF! | C380: =_xlfn.XLOOKUP(Christus_Emp_Table[[#This Row],[Analyst Name:]],[1]!Table1[Analyst Name],[1]!Table1[Module]) -> #REF! | D380: =_xlfn.XLOOKUP(Christus_Emp_Table[[#This Row],[Analyst Name:]],[1]!Table1[Analyst Name],[1]!Table1[Location]) -> #REF! | E380: Emergency | F380: 46038 | G380: 46038 | H380: Sick Leave | I380: Approved | J380: =NETWORKDAYS(Christus_Emp_Table[[#This Row],[From Date:]],Christus_Emp_Table[[#This Row],[To Date:]]) -> 1 | L380: =_xlfn.XLOOKUP(Christus_Emp_Table[[#This Row],[Analyst Name:]],[1]!Table1[Analyst Name],[1]!Table1[Lead]) -> #REF! | M380: =_xlfn.XLOOKUP(Christus_Emp_Table[[#This Row],[Analyst Name:]],[1]!Table1[Analyst Name],[1]!Table1[Active/Inactive]) -> #REF!
A381: Tanuja, Sunkara | B381: =_xlfn.XLOOKUP(Christus_Emp_Table[[#This Row],[Analyst Name:]],[1]!Table1[Analyst Name],[1]!Table1[Deloitte Email ID]) -> #REF! | C381: =_xlfn.XLOOKUP(Christus_Emp_Table[[#This Row],[Analyst Name:]],[1]!Table1[Analyst Name],[1]!Table1[Module]) -> #REF! | D381: =_xlfn.XLOOKUP(Christus_Emp_Table[[#This Row],[Analyst Name:]],[1]!Table1[Analyst Name],[1]!Table1[Location]) -> #REF! | E381: PTO | F381: 46049 | G381: 46049 | H381: Going to my Home town | I381: Approved | J381: =NETWORKDAYS(Christus_Emp_Table[[#This Row],[From Date:]],Christus_Emp_Table[[#This Row],[To Date:]]) -> 1 | K381: Sent | L381: =_xlfn.XLOOKUP(Christus_Emp_Table[[#This Row],[Analyst Name:]],[1]!Table1[Analyst Name],[1]!Table1[Lead]) -> #REF! | M381: =_xlfn.XLOOKUP(Christus_Emp_Table[[#This Row],[Analyst Name:]],[1]!Table1[Analyst Name],[1]!Table1[Active/Inactive]) -> #REF!
A382: Divya Maheshwari | B382: =_xlfn.XLOOKUP(Christus_Emp_Table[[#This Row],[Analyst Name:]],[1]!Table1[Analyst Name],[1]!Table1[Deloitte Email ID]) -> #REF! | C382: =_xlfn.XLOOKUP(Christus_Emp_Table[[#This Row],[Analyst Name:]],[1]!Table1[Analyst Name],[1]!Table1[Module]) -> #REF! | D382: =_xlfn.XLOOKUP(Christus_Emp_Table[[#This Row],[Analyst Name:]],[1]!Table1[Analyst Name],[1]!Table1[Location]) -> #REF! | E382: Emergency | F382: 46042 | G382: 46042 | H382: Sick Leave | I382: Approved | J382: =NETWORKDAYS(Christus_Emp_Table[[#This Row],[From Date:]],Christus_Emp_Table[[#This Row],[To Date:]]) -> 1 | L382: =_xlfn.XLOOKUP(Christus_Emp_Table[[#This Row],[Analyst Name:]],[1]!Table1[Analyst Name],[1]!Table1[Lead]) -> #REF! | M382: =_xlfn.XLOOKUP(Christus_Emp_Table[[#This Row],[Analyst Name:]],[1]!Table1[Analyst Name],[1]!Table1[Active/Inactive]) -> #REF!
A383: Tanu Gupta | B383: =_xlfn.XLOOKUP(Christus_Emp_Table[[#This Row],[Analyst Name:]],[1]!Table1[Analyst Name],[1]!Table1[Deloitte Email ID]) -> #REF! | C383: =_xlfn.XLOOKUP(Christus_Emp_Table[[#This Row],[Analyst Name:]],[1]!Table1[Analyst Name],[1]!Table1[Module]) -> #REF! | D383: =_xlfn.XLOOKUP(Christus_Emp_Table[[#This Row],[Analyst Name:]],[1]!Table1[Analyst Name],[1]!Table1[Location]) -> #REF! | E383: PTO | F383: 46083 | G383: 46083 | H383: Going home for Holi festival | I383: Draft | J383: =NETWORKDAYS(Christus_Emp_Table[[#This Row],[From Date:]],Christus_Emp_Table[[#This Row],[To Date:]]) -> 1 | L383: =_xlfn.XLOOKUP(Christus_Emp_Table[[#This Row],[Analyst Name:]],[1]!Table1[Analyst Name],[1]!Table1[Lead]) -> #REF! | M383: =_xlfn.XLOOKUP(Christus_Emp_Table[[#This Row],[Analyst Name:]],[1]!Table1[Analyst Name],[1]!Table1[Active/Inactive]) -> #REF!
A384: Tanu Gupta | B384: =_xlfn.XLOOKUP(Christus_Emp_Table[[#This Row],[Analyst Name:]],[1]!Table1[Analyst Name],[1]!Table1[Deloitte Email ID]) -> #REF! | C384: =_xlfn.XLOOKUP(Christus_Emp_Table[[#This Row],[Analyst Name:]],[1]!Table1[Analyst Name],[1]!Table1[Module]) -> #REF! | D384: =_xlfn.XLOOKUP(Christus_Emp_Table[[#This Row],[Analyst Name:]],[1]!Table1[Analyst Name],[1]!Table1[Location]) -> #REF! | E384: PTO | F384: 46085 | G384: 46085 | H384: Going home for Holi festival | I384: Draft | J384: =NETWORKDAYS(Christus_Emp_Table[[#This Row],[From Date:]],Christus_Emp_Table[[#This Row],[To Date:]]) -> 1 | L384: =_xlfn.XLOOKUP(Christus_Emp_Table[[#This Row],[Analyst Name:]],[1]!Table1[Analyst Name],[1]!Table1[Lead]) -> #REF! | M384: =_xlfn.XLOOKUP(Christus_Emp_Table[[#This Row],[Analyst Name:]],[1]!Table1[Analyst Name],[1]!Table1[Active/Inactive]) -> #REF!
A385: Charan S | B385: =_xlfn.XLOOKUP(Christus_Emp_Table[[#This Row],[Analyst Name:]],[1]!Table1[Analyst Name],[1]!Table1[Deloitte Email ID]) -> #REF! | C385: =_xlfn.XLOOKUP(Christus_Emp_Table[[#This Row],[Analyst Name:]],[1]!Table1[Analyst Name],[1]!Table1[Module]) -> #REF! | D385: =_xlfn.XLOOKUP(Christus_Emp_Table[[#This Row],[Analyst Name:]],[1]!Table1[Analyst Name],[1]!Table1[Location]) -> #REF! | E385: Emergency | F385: 46049 | G385: 46050 | H385: Sick Leave | I385: Approved | J385: =NETWORKDAYS(Christus_Emp_Table[[#This Row],[From Date:]],Christus_Emp_Table[[#This Row],[To Date:]]) -> 2 | L385: =_xlfn.XLOOKUP(Christus_Emp_Table[[#This Row],[Analyst Name:]],[1]!Table1[Analyst Name],[1]!Table1[Lead]) -> #REF! | M385: =_xlfn.XLOOKUP(Christus_Emp_Table[[#This Row],[Analyst Name:]],[1]!Table1[Analyst Name],[1]!Table1[Active/Inactive]) -> #REF!
A386: Amisha Shaw | B386: =_xlfn.XLOOKUP(Christus_Emp_Table[[#This Row],[Analyst Name:]],[1]!Table1[Analyst Name],[1]!Table1[Deloitte Email ID]) -> #REF! | C386: =_xlfn.XLOOKUP(Christus_Emp_Table[[#This Row],[Analyst Name:]],[1]!Table1[Analyst Name],[1]!Table1[Module]) -> #REF! | D386: =_xlfn.XLOOKUP(Christus_Emp_Table[[#This Row],[Analyst Name:]],[1]!Table1[Analyst Name],[1]!Table1[Location]) -> #REF! | E386: Emergency | F386: 46050 | G386: 46050 | H386: Sick Leave | I386: Approved | J386: =NETWORKDAYS(Christus_Emp_Table[[#This Row],[From Date:]],Christus_Emp_Table[[#This Row],[To Date:]]) -> 1 | L386: =_xlfn.XLOOKUP(Christus_Emp_Table[[#This Row],[Analyst Name:]],[1]!Table1[Analyst Name],[1]!Table1[Lead]) -> #REF! | M386: =_xlfn.XLOOKUP(Christus_Emp_Table[[#This Row],[Analyst Name:]],[1]!Table1[Analyst Name],[1]!Table1[Active/Inactive]) -> #REF!
A387: Amisha Shaw | B387: =_xlfn.XLOOKUP(Christus_Emp_Table[[#This Row],[Analyst Name:]],[1]!Table1[Analyst Name],[1]!Table1[Deloitte Email ID]) -> #REF! | C387: =_xlfn.XLOOKUP(Christus_Emp_Table[[#This Row],[Analyst Name:]],[1]!Table1[Analyst Name],[1]!Table1[Module]) -> #REF! | D387: =_xlfn.XLOOKUP(Christus_Emp_Table[[#This Row],[Analyst Name:]],[1]!Table1[Analyst Name],[1]!Table1[Location]) -> #REF! | E387: Half Day | F387: 46049 | G387: 46049 | H387: Sick leave | I387: Approved | J387: =NETWORKDAYS(Christus_Emp_Table[[#This Row],[From Date:]],Christus_Emp_Table[[#This Row],[To Date:]]) -> 1 | L387: =_xlfn.XLOOKUP(Christus_Emp_Table[[#This Row],[Analyst Name:]],[1]!Table1[Analyst Name],[1]!Table1[Lead]) -> #REF! | M387: =_xlfn.XLOOKUP(Christus_Emp_Table[[#This Row],[Analyst Name:]],[1]!Table1[Analyst Name],[1]!Table1[Active/Inactive]) -> #REF!
A388: Robin babu | B388: =_xlfn.XLOOKUP(Christus_Emp_Table[[#This Row],[Analyst Name:]],[1]!Table1[Analyst Name],[1]!Table1[Deloitte Email ID]) -> #REF! | C388: =_xlfn.XLOOKUP(Christus_Emp_Table[[#This Row],[Analyst Name:]],[1]!Table1[Analyst Name],[1]!Table1[Module]) -> #REF! | D388: =_xlfn.XLOOKUP(Christus_Emp_Table[[#This Row],[Analyst Name:]],[1]!Table1[Analyst Name],[1]!Table1[Location]) -> #REF! | E388: Emergency | F388: 46049 | G388: 46050 | H388: Emergency PTO | I388: Approved | J388: =NETWORKDAYS(Christus_Emp_Table[[#This Row],[From Date:]],Christus_Emp_Table[[#This Row],[To Date:]]) -> 2 | L388: =_xlfn.XLOOKUP(Christus_Emp_Table[[#This Row],[Analyst Name:]],[1]!Table1[Analyst Name],[1]!Table1[Lead]) -> #REF! | M388: =_xlfn.XLOOKUP(Christus_Emp_Table[[#This Row],[Analyst Name:]],[1]!Table1[Analyst Name],[1]!Table1[Active/Inactive]) -> #REF!
A389: Bharti Kumari | B389: =_xlfn.XLOOKUP(Christus_Emp_Table[[#This Row],[Analyst Name:]],[1]!Table1[Analyst Name],[1]!Table1[Deloitte Email ID]) -> #REF! | C389: =_xlfn.XLOOKUP(Christus_Emp_Table[[#This Row],[Analyst Name:]],[1]!Table1[Analyst Name],[1]!Table1[Module]) -> #REF! | D389: =_xlfn.XLOOKUP(Christus_Emp_Table[[#This Row],[Analyst Name:]],[1]!Table1[Analyst Name],[1]!Table1[Location]) -> #REF! | E389: PTO | F389: 46049 | G389: 46073 | H389: Marriage | I389: Approved | J389: =NETWORKDAYS(Christus_Emp_Table[[#This Row],[From Date:]],Christus_Emp_Table[[#This Row],[To Date:]]) -> 19 | K389: Sent | L389: =_xlfn.XLOOKUP(Christus_Emp_Table[[#This Row],[Analyst Name:]],[1]!Table1[Analyst Name],[1]!Table1[Lead]) -> #REF! | M389: =_xlfn.XLOOKUP(Christus_Emp_Table[[#This Row],[Analyst Name:]],[1]!Table1[Analyst Name],[1]!Table1[Active/Inactive]) -> #REF!
A390: Friendsis Rai | B390: =_xlfn.XLOOKUP(Christus_Emp_Table[[#This Row],[Analyst Name:]],[1]!Table1[Analyst Name],[1]!Table1[Deloitte Email ID]) -> #REF! | C390: =_xlfn.XLOOKUP(Christus_Emp_Table[[#This Row],[Analyst Name:]],[1]!Table1[Analyst Name],[1]!Table1[Module]) -> #REF! | D390: =_xlfn.XLOOKUP(Christus_Emp_Table[[#This Row],[Analyst Name:]],[1]!Table1[Analyst Name],[1]!Table1[Location]) -> #REF! | E390: PTO | F390: 46069 | G390: 46071 | H390: I'll be visiting my sister | I390: Draft | J390: =NETWORKDAYS(Christus_Emp_Table[[#This Row],[From Date:]],Christus_Emp_Table[[#This Row],[To Date:]]) -> 3 | L390: =_xlfn.XLOOKUP(Christus_Emp_Table[[#This Row],[Analyst Name:]],[1]!Table1[Analyst Name],[1]!Table1[Lead]) -> #REF! | M390: =_xlfn.XLOOKUP(Christus_Emp_Table[[#This Row],[Analyst Name:]],[1]!Table1[Analyst Name],[1]!Table1[Active/Inactive]) -> #REF!
A391: Pragati Rawat | B391: =_xlfn.XLOOKUP(Christus_Emp_Table[[#This Row],[Analyst Name:]],[1]!Table1[Analyst Name],[1]!Table1[Deloitte Email ID]) -> #REF! | C391: =_xlfn.XLOOKUP(Christus_Emp_Table[[#This Row],[Analyst Name:]],[1]!Table1[Analyst Name],[1]!Table1[Module]) -> #REF! | D391: =_xlfn.XLOOKUP(Christus_Emp_Table[[#This Row],[Analyst Name:]],[1]!Table1[Analyst Name],[1]!Table1[Location]) -> #REF! | E391: PTO | F391: 46073 | G391: 46073 | H391: Personal Reason | I391: Draft | J391: =NETWORKDAYS(Christus_Emp_Table[[#This Row],[From Date:]],Christus_Emp_Table[[#This Row],[To Date:]]) -> 1 | L391: =_xlfn.XLOOKUP(Christus_Emp_Table[[#This Row],[Analyst Name:]],[1]!Table1[Analyst Name],[1]!Table1[Lead]) -> #REF! | M391: =_xlfn.XLOOKUP(Christus_Emp_Table[[#This Row],[Analyst Name:]],[1]!Table1[Analyst Name],[1]!Table1[Active/Inactive]) -> #REF!
A392: Abburi Durga Grishmitha | B392: =_xlfn.XLOOKUP(Christus_Emp_Table[[#This Row],[Analyst Name:]],[1]!Table1[Analyst Name],[1]!Table1[Deloitte Email ID]) -> #REF! | C392: =_xlfn.XLOOKUP(Christus_Emp_Table[[#This Row],[Analyst Name:]],[1]!Table1[Analyst Name],[1]!Table1[Module]) -> #REF! | D392: =_xlfn.XLOOKUP(Christus_Emp_Table[[#This Row],[Analyst Name:]],[1]!Table1[Analyst Name],[1]!Table1[Location]) -> #REF! | E392: PTO | F392: 46055 | G392: 46055 | H392: Attendance at Deloitte University | I392: Approved | J392: =NETWORKDAYS(Christus_Emp_Table[[#This Row],[From Date:]],Christus_Emp_Table[[#This Row],[To Date:]]) -> 1 | L392: =_xlfn.XLOOKUP(Christus_Emp_Table[[#This Row],[Analyst Name:]],[1]!Table1[Analyst Name],[1]!Table1[Lead]) -> #REF! | M392: =_xlfn.XLOOKUP(Christus_Emp_Table[[#This Row],[Analyst Name:]],[1]!Table1[Analyst Name],[1]!Table1[Active/Inactive]) -> #REF!
A393: Pavani B Raj | B393: =_xlfn.XLOOKUP(Christus_Emp_Table[[#This Row],[Analyst Name:]],[1]!Table1[Analyst Name],[1]!Table1[Deloitte Email ID]) -> #REF! | C393: =_xlfn.XLOOKUP(Christus_Emp_Table[[#This Row],[Analyst Name:]],[1]!Table1[Analyst Name],[1]!Table1[Module]) -> #REF! | D393: =_xlfn.XLOOKUP(Christus_Emp_Table[[#This Row],[Analyst Name:]],[1]!Table1[Analyst Name],[1]!Table1[Location]) -> #REF! | E393: Emergency | F393: 46055 | G393: 46055 | H393: Sick Leave | I393: Approved | J393: =NETWORKDAYS(Christus_Emp_Table[[#This Row],[From Date:]],Christus_Emp_Table[[#This Row],[To Date:]]) -> 1 | L393: =_xlfn.XLOOKUP(Christus_Emp_Table[[#This Row],[Analyst Name:]],[1]!Table1[Analyst Name],[1]!Table1[Lead]) -> #REF! | M393: =_xlfn.XLOOKUP(Christus_Emp_Table[[#This Row],[Analyst Name:]],[1]!Table1[Analyst Name],[1]!Table1[Active/Inactive]) -> #REF!
A394: Pragati Rawat | B394: =_xlfn.XLOOKUP(Christus_Emp_Table[[#This Row],[Analyst Name:]],[1]!Table1[Analyst Name],[1]!Table1[Deloitte Email ID]) -> #REF! | C394: =_xlfn.XLOOKUP(Christus_Emp_Table[[#This Row],[Analyst Name:]],[1]!Table1[Analyst Name],[1]!Table1[Module]) -> #REF! | D394: =_xlfn.XLOOKUP(Christus_Emp_Table[[#This Row],[Analyst Name:]],[1]!Table1[Analyst Name],[1]!Table1[Location]) -> #REF! | E394: Emergency | F394: 46055 | G394: 46055 | H394: Sick leave | I394: Approved | J394: =NETWORKDAYS(Christus_Emp_Table[[#This Row],[From Date:]],Christus_Emp_Table[[#This Row],[To Date:]]) -> 1 | L394: =_xlfn.XLOOKUP(Christus_Emp_Table[[#This Row],[Analyst Name:]],[1]!Table1[Analyst Name],[1]!Table1[Lead]) -> #REF! | M394: =_xlfn.XLOOKUP(Christus_Emp_Table[[#This Row],[Analyst Name:]],[1]!Table1[Analyst Name],[1]!Table1[Active/Inactive]) -> #REF!
A395: Balagopalan, Akhila | B395: =_xlfn.XLOOKUP(Christus_Emp_Table[[#This Row],[Analyst Name:]],[1]!Table1[Analyst Name],[1]!Table1[Deloitte Email ID]) -> #REF! | C395: =_xlfn.XLOOKUP(Christus_Emp_Table[[#This Row],[Analyst Name:]],[1]!Table1[Analyst Name],[1]!Table1[Module]) -> #REF! | D395: =_xlfn.XLOOKUP(Christus_Emp_Table[[#This Row],[Analyst Name:]],[1]!Table1[Analyst Name],[1]!Table1[Location]) -> #REF! | E395: PTO | F395: 46083 | G395: 46087 | H395: Travelling to hometown for family commitments | I395: Draft | J395: =NETWORKDAYS(Christus_Emp_Table[[#This Row],[From Date:]],Christus_Emp_Table[[#This Row],[To Date:]]) -> 5 | L395: =_xlfn.XLOOKUP(Christus_Emp_Table[[#This Row],[Analyst Name:]],[1]!Table1[Analyst Name],[1]!Table1[Lead]) -> #REF! | M395: =_xlfn.XLOOKUP(Christus_Emp_Table[[#This Row],[Analyst Name:]],[1]!Table1[Analyst Name],[1]!Table1[Active/Inactive]) -> #REF!
A396: Tanu Gupta | B396: =_xlfn.XLOOKUP(Christus_Emp_Table[[#This Row],[Analyst Name:]],[1]!Table1[Analyst Name],[1]!Table1[Deloitte Email ID]) -> #REF! | C396: =_xlfn.XLOOKUP(Christus_Emp_Table[[#This Row],[Analyst Name:]],[1]!Table1[Analyst Name],[1]!Table1[Module]) -> #REF! | D396: =_xlfn.XLOOKUP(Christus_Emp_Table[[#This Row],[Analyst Name:]],[1]!Table1[Analyst Name],[1]!Table1[Location]) -> #REF! | E396: PTO | F396: 46058 | G396: 46058 | H396: Birthday | I396: Approved | J396: =NETWORKDAYS(Christus_Emp_Table[[#This Row],[From Date:]],Christus_Emp_Table[[#This Row],[To Date:]]) -> 1 | L396: =_xlfn.XLOOKUP(Christus_Emp_Table[[#This Row],[Analyst Name:]],[1]!Table1[Analyst Name],[1]!Table1[Lead]) -> #REF! | M396: =_xlfn.XLOOKUP(Christus_Emp_Table[[#This Row],[Analyst Name:]],[1]!Table1[Analyst Name],[1]!Table1[Active/Inactive]) -> #REF!
A397: Sruthi G | B397: =_xlfn.XLOOKUP(Christus_Emp_Table[[#This Row],[Analyst Name:]],[1]!Table1[Analyst Name],[1]!Table1[Deloitte Email ID]) -> #REF! | C397: =_xlfn.XLOOKUP(Christus_Emp_Table[[#This Row],[Analyst Name:]],[1]!Table1[Analyst Name],[1]!Table1[Module]) -> #REF! | D397: =_xlfn.XLOOKUP(Christus_Emp_Table[[#This Row],[Analyst Name:]],[1]!Table1[Analyst Name],[1]!Table1[Location]) -> #REF! | E397: PTO | F397: 46085 | G397: 46087 | H397: Family Function | I397: Draft | J397: =NETWORKDAYS(Christus_Emp_Table[[#This Row],[From Date:]],Christus_Emp_Table[[#This Row],[To Date:]]) -> 3 | L397: =_xlfn.XLOOKUP(Christus_Emp_Table[[#This Row],[Analyst Name:]],[1]!Table1[Analyst Name],[1]!Table1[Lead]) -> #REF! | M397: =_xlfn.XLOOKUP(Christus_Emp_Table[[#This Row],[Analyst Name:]],[1]!Table1[Analyst Name],[1]!Table1[Active/Inactive]) -> #REF!
A398: Lavleen Kaur | B398: =_xlfn.XLOOKUP(Christus_Emp_Table[[#This Row],[Analyst Name:]],[1]!Table1[Analyst Name],[1]!Table1[Deloitte Email ID]) -> #REF! | C398: =_xlfn.XLOOKUP(Christus_Emp_Table[[#This Row],[Analyst Name:]],[1]!Table1[Analyst Name],[1]!Table1[Module]) -> #REF! | D398: =_xlfn.XLOOKUP(Christus_Emp_Table[[#This Row],[Analyst Name:]],[1]!Table1[Analyst Name],[1]!Table1[Location]) -> #REF! | E398: Emergency | F398: 46055 | G398: 46055 | H398: Sick leave | I398: Approved | J398: =NETWORKDAYS(Christus_Emp_Table[[#This Row],[From Date:]],Christus_Emp_Table[[#This Row],[To Date:]]) -> 1 | L398: =_xlfn.XLOOKUP(Christus_Emp_Table[[#This Row],[Analyst Name:]],[1]!Table1[Analyst Name],[1]!Table1[Lead]) -> #REF! | M398: =_xlfn.XLOOKUP(Christus_Emp_Table[[#This Row],[Analyst Name:]],[1]!Table1[Analyst Name],[1]!Table1[Active/Inactive]) -> #REF!
A399: Kiran Kumar S | B399: =_xlfn.XLOOKUP(Christus_Emp_Table[[#This Row],[Analyst Name:]],[1]!Table1[Analyst Name],[1]!Table1[Deloitte Email ID]) -> #REF! | C399: =_xlfn.XLOOKUP(Christus_Emp_Table[[#This Row],[Analyst Name:]],[1]!Table1[Analyst Name],[1]!Table1[Module]) -> #REF! | D399: =_xlfn.XLOOKUP(Christus_Emp_Table[[#This Row],[Analyst Name:]],[1]!Table1[Analyst Name],[1]!Table1[Location]) -> #REF! | E399: Emergency | F399: 46056 | G399: 46056 | H399: Sick Leave | I399: Approved | J399: =NETWORKDAYS(Christus_Emp_Table[[#This Row],[From Date:]],Christus_Emp_Table[[#This Row],[To Date:]]) -> 1 | L399: =_xlfn.XLOOKUP(Christus_Emp_Table[[#This Row],[Analyst Name:]],[1]!Table1[Analyst Name],[1]!Table1[Lead]) -> #REF! | M399: =_xlfn.XLOOKUP(Christus_Emp_Table[[#This Row],[Analyst Name:]],[1]!Table1[Analyst Name],[1]!Table1[Active/Inactive]) -> #REF!
A400: Abburi Durga Grishmitha | B400: =_xlfn.XLOOKUP(Christus_Emp_Table[[#This Row],[Analyst Name:]],[1]!Table1[Analyst Name],[1]!Table1[Deloitte Email ID]) -> #REF! | C400: =_xlfn.XLOOKUP(Christus_Emp_Table[[#This Row],[Analyst Name:]],[1]!Table1[Analyst Name],[1]!Table1[Module]) -> #REF! | D400: =_xlfn.XLOOKUP(Christus_Emp_Table[[#This Row],[Analyst Name:]],[1]!Table1[Analyst Name],[1]!Table1[Location]) -> #REF! | E400: Emergency | F400: 46056 | G400: 46056 | H400: Sick Leave | I400: Approved | J400: =NETWORKDAYS(Christus_Emp_Table[[#This Row],[From Date:]],Christus_Emp_Table[[#This Row],[To Date:]]) -> 1 | L400: =_xlfn.XLOOKUP(Christus_Emp_Table[[#This Row],[Analyst Name:]],[1]!Table1[Analyst Name],[1]!Table1[Lead]) -> #REF! | M400: =_xlfn.XLOOKUP(Christus_Emp_Table[[#This Row],[Analyst Name:]],[1]!Table1[Analyst Name],[1]!Table1[Active/Inactive]) -> #REF!

Sheet EmployeeData
A1: Analyst Name: | B1: Deloitte Email ID: | C1: Module: | D1: Location: | E1: PTO Type: | F1: From Date: | G1: To Date: | H1: Reason of PTO: | I1: Status: | J1: PTO Count | K1: Email Status | L1: Approver
A2: Ujjwal waikar | B2: dwaikar@deloitte.com | C2: SER | D2: BLR | E2: PTO | F2: 46069 | G2: 46073 | H2: PTO | I2: Approved | J2: 5 | L2: Ankita Roy
A3: Rachana, Golla | B3: racharachana@deloitte.com | C3: Reporting | D3: HYD | E3: PTO | F3: 46055 | G3: 46058 | H3: Vacation | I3: Approved | J3: 4 | L3: Nitish Kumar
A4: Divya Maheshwari | B4: divmaheshwari@deloitte.com | C4: MyChart | D4: GUR | E4: PTO | F4: 46057 | G4: 46059 | H4: To attend Wedding | I4: Approved | J4: 3 | K4: Sent | L4: Nitish Kumar
A5: Parth Zalavadia | B5: pjagdishzalavadia@deloitte.com | C5: Bridges | D5: BLR | E5: PTO | F5: 46064 | G5: 46066 | H5: Personal reason | I5: Approved | J5: 3 | L5: Tanima Debmallik/Nitish Kumar
A6: Tanu Gupta | B6: tgupta10@deloitte.com | C6: Automation | D6: HYD | E6: PTO | F6: 46055 | G6: 46055 | H6: Test | I6: Approved | J6: 1 | L6: Parth Zalavadia
A7: Tanu Gupta | B7: tgupta10@deloitte.com | C7: Automation | D7: HYD | E7: PTO | F7: 46024 | G7: 46024 | H7: PTO | I7: Approved | J7: 1 | L7: Parth Zalavadia
A8: Pavani B Raj | B8: pbraj@deloitte.com | C8: Automation | D8: BLR | E8: PTO | F8: 46024 | G8: 46024 | H8: PTO | I8: Approved | J8: 1 | L8: Nitish Kumar
A9: Sujitha Satti | B9: susujitha@deloitte.com | C9: QA | D9: HYD | E9: PTO | F9: 46024 | G9: 46024 | H9: PTO | I9: Approved | J9: 1 | L9: Ankita Roy
A10: Anusree Saha | B10: anussaha@deloitte.com | C10: Automation | D10: HYD | E10: PTO | F10: 46024 | G10: 46024 | H10: PTO | I10: Approved | J10: 1 | L10: Nitish Kumar
A11: Sruthi G | B11: srug@deloitte.com | C11: Reporting | D11: BLR | E11: PTO | F11: 46024 | G11: 46024 | H11: PTO | I11: Approved | J11: 1 | L11: Jagannath Belel
A12: Sanchi Yadav | B12: sancyadav@deloitte.com | C12: Reporting | D12: HYD | E12: PTO | F12: 46024 | G12: 46024 | H12: PTO | I12: Approved | J12: 1 | L12: Nitish Kumar
A13: Gollapudi, Gireesh | B13: gigollapudi@deloitte.com | C13: Reporting | D13: HYD | E13: PTO | F13: 46024 | G13: 46024 | H13: PTO | I13: Approved | J13: 1 | L13: Jagannath Belel
A14: Abburi Durga Grishmitha | B14: agrishmitha@deloitte.com | C14: MyChart | D14: HYD | E14: PTO | F14: 46024 | G14: 46024 | H14: PTO | I14: Approved | J14: 1 | L14: Nitish Kumar
A15: Meghana Baddam | B15: bmeghana@deloitte.com | C15: Bridges | D15: BLR | E15: PTO | F15: 46024 | G15: 46024 | H15: PTO | I15: Approved | J15: 1 | L15: Parth Zalavadia
A16: Harshit Malpani | B16: hamalpani@deloitte.com | C16: MyChart | D16: HYD | E16: PTO | F16: 46038 | G16: 46041 | H16: PTO | I16: Approved | J16: 2 | L16: Nitish Kumar
A17: Lavleen Kaur | B17: lakaur@deloitte.com | C17: SER | D17: GUR | E17: PTO | F17: 46030 | G17: 46034 | H17: PTO | I17: Approved | J17: 3 | L17: Ankita Roy
A18: Ankita Roy | B18: ankitaroy2@deloitte.com | C18: EC/DC | D18: BLR | E18: PTO | F18: 46024 | G18: 46031 | H18: PTO | I18: Approved | J18: 6 | L18: 0
A19: Akshaya Kumar | B19: akshayakumar@deloitte.com | C19: Automation | D19: BLR | E19: PTO | F19: 46030 | G19: 46031 | H19: PTO | I19: Approved | J19: 2 | L19: Parth Zalavadia
A20: Ujjwal waikar | B20: dwaikar@deloitte.com | C20: SER | D20: BLR | E20: Emergency | F20: 46029 | G20: 46029 | H20: Sick Leave | I20: Approved | J20: 1 | L20: Ankita Roy
A21: Gollapudi, Gireesh | B21: gigollapudi@deloitte.com | C21: Reporting | D21: HYD | E21: PTO | F21: 46038 | G21: 46038 | H21: PTO | I21: Approved | J21: 1 | L21: Jagannath Belel
A22: Pragati Rawat | B22: pragrawat@deloitte.com | C22: EC/DC | D22: GUR | E22: PTO | F22: 46038 | G22: 46038 | H22: PTO | I22: Approved | J22: 1 | L22: Ankita Roy
A23: Tanu Gupta | B23: tgupta10@deloitte.com | C23: Automation | D23: HYD | E23: Emergency | F23: 46038 | G23: 46038 | H23: Sick Leave | I23: Approved | J23: 1 | L23: Parth Zalavadia
A24: Tanuja, Sunkara | B24: stanuja@deloitte.com | C24: QA | D24: HYD | E24: PTO | F24: 46049 | G24: 46049 | H24: Going to my Home town | I24: Approved | J24: 1 | K24: Sent | L24: Ankita Roy
A25: Divya Maheshwari | B25: divmaheshwari@deloitte.com | C25: MyChart | D25: GUR | E25: Emergency | F25: 46042 | G25: 46042 | H25: Sick Leave | I25: Approved | J25: 1 | L25: Nitish Kumar
A26: Charan S | B26: scharan1@deloitte.com | C26: Bridges | D26: HYD | E26: Emergency | F26: 46049 | G26: 46050 | H26: Sick Leave | I26: Approved | J26: 2 | L26: Nitish Kumar
A27: Amisha Shaw | B27: amisshaw@deloitte.com | C27: Automation | D27: MUM | E27: Emergency | F27: 46050 | G27: 46050 | H27: Sick Leave | I27: Approved | J27: 1 | L27: Nitish Kumar
A28: Charan S | B28: scharan1@deloitte.com | C28: Bridges | D28: HYD | E28: Emergency | F28: 46049 | G28: 46050 | H28: Sick Leave | I28: Approved | J28: 2 | L28: Nitish Kumar
A29: Robin babu | B29: rmbabu@deloitte.com | C29: ECLink | D29: HYD | E29: Emergency | F29: 46049 | G29: 46050 | H29: Emergency PTO | I29: Approved | J29: 2 | L29: Nitish Kumar
A30: Bharti Kumari | B30: bharkumari@deloitte.com | C30: Reporting | D30: BLR | E30: PTO | F30: 46049 | G30: 46073 | H30: Marriage | I30: Approved | J30: 19 | K30: Sent | L30: Nitish Kumar
A31: Kiran Kumar S | F31: 46034

Sheet Jan
A1: CHRISTUS Health Monthly Leave Calendar - 2026
A2: January
A4: Team Members | B4: =IF(B5="","",INDEX({"Sun";"Mon";"Tue";"Wed";"Thu";"Fri";"Sat"},WEEKDAY(B5,1))) -> Thu | C4: =IF(C5="","",INDEX({"Sun";"Mon";"Tue";"Wed";"Thu";"Fri";"Sat"},WEEKDAY(C5,1))) -> Fri | D4: =IF(D5="","",INDEX({"Sun";"Mon";"Tue";"Wed";"Thu";"Fri";"Sat"},WEEKDAY(D5,1))) -> Sat | E4: =IF(E5="","",INDEX({"Sun";"Mon";"Tue";"Wed";"Thu";"Fri";"Sat"},WEEKDAY(E5,1))) -> Sun | F4: =IF(F5="","",INDEX({"Sun";"Mon";"Tue";"Wed";"Thu";"Fri";"Sat"},WEEKDAY(F5,1))) -> Mon | G4: =IF(G5="","",INDEX({"Sun";"Mon";"Tue";"Wed";"Thu";"Fri";"Sat"},WEEKDAY(G5,1))) -> Tue | H4: =IF(H5="","",INDEX({"Sun";"Mon";"Tue";"Wed";"Thu";"Fri";"Sat"},WEEKDAY(H5,1))) -> Wed | I4: =IF(I5="","",INDEX({"Sun";"Mon";"Tue";"Wed";"Thu";"Fri";"Sat"},WEEKDAY(I5,1))) -> Thu | ... AF4: =IF(AF5="","",INDEX({"Sun";"Mon";"Tue";"Wed";"Thu";"Fri";"Sat"},WEEKDAY(AF5,1))) -> Sat | AG4: Total Absence Days | AH4: Total Vacation Leave Days | AI4: Total Sick/Emergency Leave Days | AJ4: Maternity or Paternity | AK4: Leave without Pay | AM4: Absence type | AN4: Code
B5: =DATE(Year!$B$2,1,1) -> 46023 | C5: =B5+1 -> 46024 | D5: =C5+1 -> 46025 | E5: =D5+1 -> 46026 | F5: =E5+1 -> 46027 | G5: =F5+1 -> 46028 | H5: =G5+1 -> 46029 | I5: =H5+1 -> 46030 | J5: =I5+1 -> 46031 | ... AF5: =AE5+1 -> 46053
A6: Nitish Kumar | B6: FH | C6: =IF(COUNTIFS(EmployeeData!$A:$A,$A6,EmployeeData!$F:$F,C$5)>0,"PT","") | D6: =IF(COUNTIFS(EmployeeData!$A:$A,$A6,EmployeeData!$F:$F,D$5)>0,"PT","") | E6: =IF(COUNTIFS(EmployeeData!$A:$A,$A6,EmployeeData!$F:$F,E$5)>0,"PT","") | F6: =IF(COUNTIFS(EmployeeData!$A:$A,$A6,EmployeeData!$F:$F,F$5)>0,"PT","") | G6: =IF(COUNTIFS(EmployeeData!$A:$A,$A6,EmployeeData!$F:$F,G$5)>0,"PT","") | H6: =IF(COUNTIFS(EmployeeData!$A:$A,$A6,EmployeeData!$F:$F,H$5)>0,"PT","") | I6: =IF(COUNTIFS(EmployeeData!$A:$A,$A6,EmployeeData!$F:$F,I$5)>0,"PT","") | J6: =IF(COUNTIFS(EmployeeData!$A:$A,$A6,EmployeeData!$F:$F,J$5)>0,"PT","") | ... Z6: =IF(COUNTIFS(EmployeeData!$A:$A,$A6,EmployeeData!$F:$F,Z$5)>0,"PT","") | AA6: FH | AB6: =IF(COUNTIFS(EmployeeData!$A:$A,$A6,EmployeeData!$F:$F,AB$5)>0,"PT","") | AC6: =IF(COUNTIFS(EmployeeData!$A:$A,$A6,EmployeeData!$F:$F,AC$5)>0,"PT","") | AD6: =IF(COUNTIFS(EmployeeData!$A:$A,$A6,EmployeeData!$F:$F,AD$5)>0,"PT","") | AE6: =IF(COUNTIFS(EmployeeData!$A:$A,$A6,EmployeeData!$F:$F,AE$5)>0,"PT","") | AF6: =IF(COUNTIFS(EmployeeData!$A:$A,$A6,EmployeeData!$F:$F,AF$5)>0,"PT","") | AG6: =(COUNTIF(B6:AF6,"PT")*1)+(COUNTIF(B6:AF6,"H1")*0.5)+(COUNTIF(B6:AF6,"T")*0)+(COUNTIF(B6:AF6,"R")*0)+(COUNTIF(B6:AF6,"S")*1)+(COUNTIF(B6:AF6,"C")*1)+(COUNTIF(B6:AF6,"FH")*0)+(COUNTIF(B6:AF6,"MT")*1) -> 0 | AH6: =COUNTIF(B6:AF6,"PT")+COUNTIF(B6:AF6,"H1")+COUNTIF(B6:AF6,"U") -> 0 | AI6: =COUNTIF(B6:AF6,"S")+COUNTIF(B6:AF6,"S1")/2+COUNTIF(B6:AF6,"S2")/2 -> 0 | AJ6: =COUNTIF(B6:AF6,"MT") -> 0 | AK6: =COUNTIF(B6:AF6,"U") -> 0 | AM6: PTO | AN6: PT
A7: Bharti Kumari | B7: FH | C7: =IF(COUNTIFS(EmployeeData!$A:$A,$A7,EmployeeData!$F:$F,C$5)>0,"PT","") | D7: =IF(COUNTIFS(EmployeeData!$A:$A,$A7,EmployeeData!$F:$F,D$5)>0,"PT","") | E7: =IF(COUNTIFS(EmployeeData!$A:$A,$A7,EmployeeData!$F:$F,E$5)>0,"PT","") | F7: =IF(COUNTIFS(EmployeeData!$A:$A,$A7,EmployeeData!$F:$F,F$5)>0,"PT","") | G7: =IF(COUNTIFS(EmployeeData!$A:$A,$A7,EmployeeData!$F:$F,G$5)>0,"PT","") | H7: =IF(COUNTIFS(EmployeeData!$A:$A,$A7,EmployeeData!$F:$F,H$5)>0,"PT","") | I7: =IF(COUNTIFS(EmployeeData!$A:$A,$A7,EmployeeData!$F:$F,I$5)>0,"PT","") | J7: =IF(COUNTIFS(EmployeeData!$A:$A,$A7,EmployeeData!$F:$F,J$5)>0,"PT","") | ... Z7: =IF(COUNTIFS(EmployeeData!$A:$A,$A7,EmployeeData!$F:$F,Z$5)>0,"PT","") | AA7: FH | AB7: =IF(COUNTIFS(EmployeeData!$A:$A,$A7,EmployeeData!$F:$F,AB$5)>0,"PT","") -> PT | AC7: =IF(COUNTIFS(EmployeeData!$A:$A,$A7,EmployeeData!$F:$F,AC$5)>0,"PT","") | AD7: =IF(COUNTIFS(EmployeeData!$A:$A,$A7,EmployeeData!$F:$F,AD$5)>0,"PT","") | AE7: =IF(COUNTIFS(EmployeeData!$A:$A,$A7,EmployeeData!$F:$F,AE$5)>0,"PT","") | AF7: =IF(COUNTIFS(EmployeeData!$A:$A,$A7,EmployeeData!$F:$F,AF$5)>0,"PT","") | AG7: =(COUNTIF(B7:AF7,"PT")*1)+(COUNTIF(B7:AF7,"H1")*0.5)+(COUNTIF(B7:AF7,"T")*0)+(COUNTIF(B7:AF7,"R")*0)+(COUNTIF(B7:AF7,"S")*1)+(COUNTIF(A7:B7,"C")*1)+(COUNTIF(B7:AF7,"FH")*0)+(COUNTIF(B7:AF7,"MT")*1) -> 1 | AH7: =COUNTIF(B7:AF7,"V")+COUNTIF(B7:AF7,"V1")/2+COUNTIF(B7:AF7,"V2")/2 -> 0 | AI7: =COUNTIF(B7:AF7,"S")+COUNTIF(B7:AF7,"S1")/2+COUNTIF(B7:AF7,"S2")/2 -> 0 | AJ7: =COUNTIF(B7:AF7,"M") -> 0 | AK7: =COUNTIF(B7:AF7,"U") -> 0 | AM7: Sick leave/ Emergency leave | AN7: S
A8: Sruthi G | B8: FH | C8: =IF(COUNTIFS(EmployeeData!$A:$A,$A8,EmployeeData!$F:$F,C$5)>0,"PT","") -> PT | D8: =IF(COUNTIFS(EmployeeData!$A:$A,$A8,EmployeeData!$F:$F,D$5)>0,"PT","") | E8: =IF(COUNTIFS(EmployeeData!$A:$A,$A8,EmployeeData!$F:$F,E$5)>0,"PT","") | F8: =IF(COUNTIFS(EmployeeData!$A:$A,$A8,EmployeeData!$F:$F,F$5)>0,"PT","") | G8: =IF(COUNTIFS(EmployeeData!$A:$A,$A8,EmployeeData!$F:$F,G$5)>0,"PT","") | H8: =IF(COUNTIFS(EmployeeData!$A:$A,$A8,EmployeeData!$F:$F,H$5)>0,"PT","") | I8: =IF(COUNTIFS(EmployeeData!$A:$A,$A8,EmployeeData!$F:$F,I$5)>0,"PT","") | J8: =IF(COUNTIFS(EmployeeData!$A:$A,$A8,EmployeeData!$F:$F,J$5)>0,"PT","") | ... Z8: =IF(COUNTIFS(EmployeeData!$A:$A,$A8,EmployeeData!$F:$F,Z$5)>0,"PT","") | AA8: FH | AB8: =IF(COUNTIFS(EmployeeData!$A:$A,$A8,EmployeeData!$F:$F,AB$5)>0,"PT","") | AC8: =IF(COUNTIFS(EmployeeData!$A:$A,$A8,EmployeeData!$F:$F,AC$5)>0,"PT","") | AD8: =IF(COUNTIFS(EmployeeData!$A:$A,$A8,EmployeeData!$F:$F,AD$5)>0,"PT","") | AE8: =IF(COUNTIFS(EmployeeData!$A:$A,$A8,EmployeeData!$F:$F,AE$5)>0,"PT","") | AF8: =IF(COUNTIFS(EmployeeData!$A:$A,$A8,EmployeeData!$F:$F,AF$5)>0,"PT","") | AG8: =(COUNTIF(B8:AF8,"PT")*1)+(COUNTIF(B8:AF8,"H1")*0.5)+(COUNTIF(B8:AF8,"T")*0)+(COUNTIF(B8:AF8,"R")*0)+(COUNTIF(B8:AF8,"S")*1)+(COUNTIF(B8:AF8,"C")*1)+(COUNTIF(B8:AF8,"FH")*0)+(COUNTIF(B8:AF8,"MT")*1) -> 1 | AH8: =COUNTIF(B8:AF8,"V")+COUNTIF(B8:AF8,"V1")/2+COUNTIF(B8:AF8,"V2")/2 -> 0 | AI8: =COUNTIF(B8:AF8,"S")+COUNTIF(B8:AF8,"S1")/2+COUNTIF(B8:AF8,"S2")/2 -> 0 | AJ8: =COUNTIF(B8:AF8,"M") -> 0 | AK8: =COUNTIF(B8:AF8,"U") -> 0 | AM8: Half Day | AN8: H1
A9: Balagopalan, Akhila | B9: FH | C9: =IF(COUNTIFS(EmployeeData!$A:$A,$A9,EmployeeData!$F:$F,C$5)>0,"PT","") | D9: =IF(COUNTIFS(EmployeeData!$A:$A,$A9,EmployeeData!$F:$F,D$5)>0,"PT","") | E9: =IF(COUNTIFS(EmployeeData!$A:$A,$A9,EmployeeData!$F:$F,E$5)>0,"PT","") | F9: =IF(COUNTIFS(EmployeeData!$A:$A,$A9,EmployeeData!$F:$F,F$5)>0,"PT","") | G9: =IF(COUNTIFS(EmployeeData!$A:$A,$A9,EmployeeData!$F:$F,G$5)>0,"PT","") | H9: =IF(COUNTIFS(EmployeeData!$A:$A,$A9,EmployeeData!$F:$F,H$5)>0,"PT","") | I9: =IF(COUNTIFS(EmployeeData!$A:$A,$A9,EmployeeData!$F:$F,I$5)>0,"PT","") | J9: =IF(COUNTIFS(EmployeeData!$A:$A,$A9,EmployeeData!$F:$F,J$5)>0,"PT","") | ... Z9: =IF(COUNTIFS(EmployeeData!$A:$A,$A9,EmployeeData!$F:$F,Z$5)>0,"PT","") | AA9: FH | AB9: =IF(COUNTIFS(EmployeeData!$A:$A,$A9,EmployeeData!$F:$F,AB$5)>0,"PT","") | AC9: =IF(COUNTIFS(EmployeeData!$A:$A,$A9,EmployeeData!$F:$F,AC$5)>0,"PT","") | AD9: =IF(COUNTIFS(EmployeeData!$A:$A,$A9,EmployeeData!$F:$F,AD$5)>0,"PT","") | AE9: =IF(COUNTIFS(EmployeeData!$A:$A,$A9,EmployeeData!$F:$F,AE$5)>0,"PT","") | AF9: =IF(COUNTIFS(EmployeeData!$A:$A,$A9,EmployeeData!$F:$F,AF$5)>0,"PT","") | AG9: =(COUNTIF(B9:AF9,"PT")*1)+(COUNTIF(B9:AF9,"H1")*0.5)+(COUNTIF(B9:AF9,"T")*0)+(COUNTIF(B9:AF9,"R")*0)+(COUNTIF(B9:AF9,"S")*1)+(COUNTIF(B9:AF9,"C")*1)+(COUNTIF(B9:AF9,"FH")*0)+(COUNTIF(B9:AF9,"MT")*1) -> 0 | AH9: =COUNTIF(B9:AF9,"V")+COUNTIF(B9:AF9,"V1")/2+COUNTIF(B9:AF9,"V2")/2 -> 0 | AI9: =COUNTIF(B9:AF9,"S")+COUNTIF(B9:AF9,"S1")/2+COUNTIF(B9:AF9,"S2")/2 -> 0 | AJ9: =COUNTIF(B9:AF9,"M") -> 0 | AK9: =COUNTIF(B9:AF9,"U") -> 0 | AM9: Maternity/Paternity | AN9: MT
A10: Jagannath Belel | B10: FH | C10: =IF(COUNTIFS(EmployeeData!$A:$A,$A10,EmployeeData!$F:$F,C$5)>0,"PT","") | D10: =IF(COUNTIFS(EmployeeData!$A:$A,$A10,EmployeeData!$F:$F,D$5)>0,"PT","") | E10: =IF(COUNTIFS(EmployeeData!$A:$A,$A10,EmployeeData!$F:$F,E$5)>0,"PT","") | F10: =IF(COUNTIFS(EmployeeData!$A:$A,$A10,EmployeeData!$F:$F,F$5)>0,"PT","") | G10: =IF(COUNTIFS(EmployeeData!$A:$A,$A10,EmployeeData!$F:$F,G$5)>0,"PT","") | H10: =IF(COUNTIFS(EmployeeData!$A:$A,$A10,EmployeeData!$F:$F,H$5)>0,"PT","") | I10: =IF(COUNTIFS(EmployeeData!$A:$A,$A10,EmployeeData!$F:$F,I$5)>0,"PT","") | J10: =IF(COUNTIFS(EmployeeData!$A:$A,$A10,EmployeeData!$F:$F,J$5)>0,"PT","") | ... Z10: =IF(COUNTIFS(EmployeeData!$A:$A,$A10,EmployeeData!$F:$F,Z$5)>0,"PT","") | AA10: FH | AB10: =IF(COUNTIFS(EmployeeData!$A:$A,$A10,EmployeeData!$F:$F,AB$5)>0,"PT","") | AC10: =IF(COUNTIFS(EmployeeData!$A:$A,$A10,EmployeeData!$F:$F,AC$5)>0,"PT","") | AD10: =IF(COUNTIFS(EmployeeData!$A:$A,$A10,EmployeeData!$F:$F,AD$5)>0,"PT","") | AE10: =IF(COUNTIFS(EmployeeData!$A:$A,$A10,EmployeeData!$F:$F,AE$5)>0,"PT","") | AF10: =IF(COUNTIFS(EmployeeData!$A:$A,$A10,EmployeeData!$F:$F,AF$5)>0,"PT","") | AG10: =(COUNTIF(B10:AF10,"PT")*1)+(COUNTIF(B10:AF10,"H1")*0.5)+(COUNTIF(B10:AF10,"T")*0)+(COUNTIF(B10:AF10,"R")*0)+(COUNTIF(B10:AF10,"S")*1)+(COUNTIF(B10:AF10,"C")*1)+(COUNTIF(B10:AF10,"FH")*0)+(COUNTIF(B10:AF10,"MT")*1) -> 0 | AH10: =COUNTIF(B10:AF10,"V")+COUNTIF(B10:AF10,"V1")/2+COUNTIF(B10:AF10,"V2")/2 -> 0 | AI10: =COUNTIF(B10:AF10,"S")+COUNTIF(B10:AF10,"S1")/2+COUNTIF(B10:AF10,"S2")/2 -> 0 | AJ10: =COUNTIF(B10:AF10,"M") -> 0 | AK10: =COUNTIF(B10:AF10,"U") -> 0 | AM10: Firm Holiday | AN10: FH
A11: Sanchi Yadav | B11: FH | C11: =IF(COUNTIFS(EmployeeData!$A:$A,$A11,EmployeeData!$F:$F,C$5)>0,"PT","") -> PT | D11: =IF(COUNTIFS(EmployeeData!$A:$A,$A11,EmployeeData!$F:$F,D$5)>0,"PT","") | E11: =IF(COUNTIFS(EmployeeData!$A:$A,$A11,EmployeeData!$F:$F,E$5)>0,"PT","") | F11: =IF(COUNTIFS(EmployeeData!$A:$A,$A11,EmployeeData!$F:$F,F$5)>0,"PT","") | G11: =IF(COUNTIFS(EmployeeData!$A:$A,$A11,EmployeeData!$F:$F,G$5)>0,"PT","") | H11: =IF(COUNTIFS(EmployeeData!$A:$A,$A11,EmployeeData!$F:$F,H$5)>0,"PT","") | I11: =IF(COUNTIFS(EmployeeData!$A:$A,$A11,EmployeeData!$F:$F,I$5)>0,"PT","") | J11: =IF(COUNTIFS(EmployeeData!$A:$A,$A11,EmployeeData!$F:$F,J$5)>0,"PT","") | ... Z11: =IF(COUNTIFS(EmployeeData!$A:$A,$A11,EmployeeData!$F:$F,Z$5)>0,"PT","") | AA11: FH | AB11: =IF(COUNTIFS(EmployeeData!$A:$A,$A11,EmployeeData!$F:$F,AB$5)>0,"PT","") | AC11: =IF(COUNTIFS(EmployeeData!$A:$A,$A11,EmployeeData!$F:$F,AC$5)>0,"PT","") | AD11: =IF(COUNTIFS(EmployeeData!$A:$A,$A11,EmployeeData!$F:$F,AD$5)>0,"PT","") | AE11: =IF(COUNTIFS(EmployeeData!$A:$A,$A11,EmployeeData!$F:$F,AE$5)>0,"PT","") | AF11: =IF(COUNTIFS(EmployeeData!$A:$A,$A11,EmployeeData!$F:$F,AF$5)>0,"PT","") | AG11: =(COUNTIF(B11:AF11,"PT")*1)+(COUNTIF(B11:AF11,"H1")*0.5)+(COUNTIF(B11:AF11,"T")*0)+(COUNTIF(B11:AF11,"R")*0)+(COUNTIF(B11:AF11,"S")*1)+(COUNTIF(B11:AF11,"C")*1)+(COUNTIF(B11:AF11,"FH")*0)+(COUNTIF(B11:AF11,"MT")*1) -> 1 | AH11: =COUNTIF(B11:AF11,"V")+COUNTIF(B11:AF11,"V1")/2+COUNTIF(B11:AF11,"V2")/2 -> 0 | AI11: =COUNTIF(B11:AF11,"S")+COUNTIF(B11:AF11,"S1")/2+COUNTIF(B11:AF11,"S2")/2 -> 0 | AJ11: =COUNTIF(B11:AF11,"M") -> 0 | AK11: =COUNTIF(B11:AF11,"U") -> 0 | AM11: Leave without Pay | AN11: U
A12: Gollapudi, Gireesh | B12: FH | C12: =IF(COUNTIFS(EmployeeData!$A:$A,$A12,EmployeeData!$F:$F,C$5)>0,"PT","") -> PT | D12: =IF(COUNTIFS(EmployeeData!$A:$A,$A12,EmployeeData!$F:$F,D$5)>0,"PT","") | E12: =IF(COUNTIFS(EmployeeData!$A:$A,$A12,EmployeeData!$F:$F,E$5)>0,"PT","") | F12: =IF(COUNTIFS(EmployeeData!$A:$A,$A12,EmployeeData!$F:$F,F$5)>0,"PT","") | G12: =IF(COUNTIFS(EmployeeData!$A:$A,$A12,EmployeeData!$F:$F,G$5)>0,"PT","") | H12: =IF(COUNTIFS(EmployeeData!$A:$A,$A12,EmployeeData!$F:$F,H$5)>0,"PT","") | I12: =IF(COUNTIFS(EmployeeData!$A:$A,$A12,EmployeeData!$F:$F,I$5)>0,"PT","") | J12: =IF(COUNTIFS(EmployeeData!$A:$A,$A12,EmployeeData!$F:$F,J$5)>0,"PT","") | ... Z12: =IF(COUNTIFS(EmployeeData!$A:$A,$A12,EmployeeData!$F:$F,Z$5)>0,"PT","") | AA12: FH | AB12: =IF(COUNTIFS(EmployeeData!$A:$A,$A12,EmployeeData!$F:$F,AB$5)>0,"PT","") | AC12: =IF(COUNTIFS(EmployeeData!$A:$A,$A12,EmployeeData!$F:$F,AC$5)>0,"PT","") | AD12: =IF(COUNTIFS(EmployeeData!$A:$A,$A12,EmployeeData!$F:$F,AD$5)>0,"PT","") | AE12: =IF(COUNTIFS(EmployeeData!$A:$A,$A12,EmployeeData!$F:$F,AE$5)>0,"PT","") | AF12: =IF(COUNTIFS(EmployeeData!$A:$A,$A12,EmployeeData!$F:$F,AF$5)>0,"PT","") | AG12: =(COUNTIF(B12:AF12,"PT")*1)+(COUNTIF(B12:AF12,"H1")*0.5)+(COUNTIF(B12:AF12,"T")*0)+(COUNTIF(B12:AF12,"R")*0)+(COUNTIF(B12:AF12,"S")*1)+(COUNTIF(B12:AF12,"C")*1)+(COUNTIF(B12:AF12,"FH")*0)+(COUNTIF(B12:AF12,"MT")*1) -> 2 | AH12: =COUNTIF(B12:AF12,"V")+COUNTIF(B12:AF12,"V1")/2+COUNTIF(B12:AF12,"V2")/2 -> 0 | AI12: =COUNTIF(B12:AF12,"S")+COUNTIF(B12:AF12,"S1")/2+COUNTIF(B12:AF12,"S2")/2 -> 0 | AJ12: =COUNTIF(B12:AF12,"M") -> 0 | AK12: =COUNTIF(B12:AF12,"U") -> 0
A13: Rachana, Golla | B13: FH | C13: =IF(COUNTIFS(EmployeeData!$A:$A,$A13,EmployeeData!$F:$F,C$5)>0,"PT","") | D13: =IF(COUNTIFS(EmployeeData!$A:$A,$A13,EmployeeData!$F:$F,D$5)>0,"PT","") | E13: =IF(COUNTIFS(EmployeeData!$A:$A,$A13,EmployeeData!$F:$F,E$5)>0,"PT","") | F13: =IF(COUNTIFS(EmployeeData!$A:$A,$A13,EmployeeData!$F:$F,F$5)>0,"PT","") | G13: =IF(COUNTIFS(EmployeeData!$A:$A,$A13,EmployeeData!$F:$F,G$5)>0,"PT","") | H13: =IF(COUNTIFS(EmployeeData!$A:$A,$A13,EmployeeData!$F:$F,H$5)>0,"PT","") | I13: =IF(COUNTIFS(EmployeeData!$A:$A,$A13,EmployeeData!$F:$F,I$5)>0,"PT","") | J13: =IF(COUNTIFS(EmployeeData!$A:$A,$A13,EmployeeData!$F:$F,J$5)>0,"PT","") | ... Z13: =IF(COUNTIFS(EmployeeData!$A:$A,$A13,EmployeeData!$F:$F,Z$5)>0,"PT","") | AA13: FH | AB13: =IF(COUNTIFS(EmployeeData!$A:$A,$A13,EmployeeData!$F:$F,AB$5)>0,"PT","") | AC13: =IF(COUNTIFS(EmployeeData!$A:$A,$A13,EmployeeData!$F:$F,AC$5)>0,"PT","") | AD13: =IF(COUNTIFS(EmployeeData!$A:$A,$A13,EmployeeData!$F:$F,AD$5)>0,"PT","") | AE13: =IF(COUNTIFS(EmployeeData!$A:$A,$A13,EmployeeData!$F:$F,AE$5)>0,"PT","") | AF13: =IF(COUNTIFS(EmployeeData!$A:$A,$A13,EmployeeData!$F:$F,AF$5)>0,"PT","") | AG13: =(COUNTIF(B13:AF13,"PT")*1)+(COUNTIF(B13:AF13,"H1")*0.5)+(COUNTIF(B13:AF13,"T")*0)+(COUNTIF(B13:AF13,"R")*0)+(COUNTIF(B13:AF13,"S")*1)+(COUNTIF(B13:AF13,"C")*1)+(COUNTIF(B13:AF13,"FH")*0)+(COUNTIF(B13:AF13,"MT")*1) -> 0 | AH13: =COUNTIF(B13:AF13,"V")+COUNTIF(B13:AF13,"V1")/2+COUNTIF(B13:AF13,"V2")/2 -> 0 | AI13: =COUNTIF(B13:AF13,"S")+COUNTIF(B13:AF13,"S1")/2+COUNTIF(B13:AF13,"S2")/2 -> 0 | AJ13: =COUNTIF(B13:AF13,"M") -> 0 | AK13: =COUNTIF(B13:AF13,"U") -> 0
A14: Parth Zalavadia | B14: FH | C14: =IF(COUNTIFS(EmployeeData!$A:$A,$A14,EmployeeData!$F:$F,C$5)>0,"PT","") | D14: =IF(COUNTIFS(EmployeeData!$A:$A,$A14,EmployeeData!$F:$F,D$5)>0,"PT","") | E14: =IF(COUNTIFS(EmployeeData!$A:$A,$A14,EmployeeData!$F:$F,E$5)>0,"PT","") | F14: =IF(COUNTIFS(EmployeeData!$A:$A,$A14,EmployeeData!$F:$F,F$5)>0,"PT","") | G14: =IF(COUNTIFS(EmployeeData!$A:$A,$A14,EmployeeData!$F:$F,G$5)>0,"PT","") | H14: =IF(COUNTIFS(EmployeeData!$A:$A,$A14,EmployeeData!$F:$F,H$5)>0,"PT","") | I14: =IF(COUNTIFS(EmployeeData!$A:$A,$A14,EmployeeData!$F:$F,I$5)>0,"PT","") | J14: =IF(COUNTIFS(EmployeeData!$A:$A,$A14,EmployeeData!$F:$F,J$5)>0,"PT","") | ... Z14: =IF(COUNTIFS(EmployeeData!$A:$A,$A14,EmployeeData!$F:$F,Z$5)>0,"PT","") | AA14: FH | AB14: =IF(COUNTIFS(EmployeeData!$A:$A,$A14,EmployeeData!$F:$F,AB$5)>0,"PT","") | AC14: =IF(COUNTIFS(EmployeeData!$A:$A,$A14,EmployeeData!$F:$F,AC$5)>0,"PT","") | AD14: =IF(COUNTIFS(EmployeeData!$A:$A,$A14,EmployeeData!$F:$F,AD$5)>0,"PT","") | AE14: =IF(COUNTIFS(EmployeeData!$A:$A,$A14,EmployeeData!$F:$F,AE$5)>0,"PT","") | AF14: =IF(COUNTIFS(EmployeeData!$A:$A,$A14,EmployeeData!$F:$F,AF$5)>0,"PT","") | AG14: =(COUNTIF(B14:AF14,"PT")*1)+(COUNTIF(B14:AF14,"H1")*0.5)+(COUNTIF(B14:AF14,"T")*0)+(COUNTIF(B14:AF14,"R")*0)+(COUNTIF(B14:AF14,"S")*1)+(COUNTIF(B14:AF14,"C")*1)+(COUNTIF(B14:AF14,"FH")*0)+(COUNTIF(B14:AF14,"MT")*1) -> 0 | AH14: =COUNTIF(B14:AF14,"V")+COUNTIF(B14:AF14,"V1")/2+COUNTIF(B14:AF14,"V2")/2 -> 0 | AI14: =COUNTIF(B14:AF14,"S")+COUNTIF(B14:AF14,"S1")/2+COUNTIF(B14:AF14,"S2")/2 -> 0 | AJ14: =COUNTIF(B14:AF14,"M") -> 0 | AK14: =COUNTIF(B14:AF14,"U") -> 0
A15: Harshit Malpani | B15: FH | C15: =IF(COUNTIFS(EmployeeData!$A:$A,$A15,EmployeeData!$F:$F,C$5)>0,"PT","") | D15: =IF(COUNTIFS(EmployeeData!$A:$A,$A15,EmployeeData!$F:$F,D$5)>0,"PT","") | E15: =IF(COUNTIFS(EmployeeData!$A:$A,$A15,EmployeeData!$F:$F,E$5)>0,"PT","") | F15: =IF(COUNTIFS(EmployeeData!$A:$A,$A15,EmployeeData!$F:$F,F$5)>0,"PT","") | G15: =IF(COUNTIFS(EmployeeData!$A:$A,$A15,EmployeeData!$F:$F,G$5)>0,"PT","") | H15: =IF(COUNTIFS(EmployeeData!$A:$A,$A15,EmployeeData!$F:$F,H$5)>0,"PT","") | I15: =IF(COUNTIFS(EmployeeData!$A:$A,$A15,EmployeeData!$F:$F,I$5)>0,"PT","") | J15: =IF(COUNTIFS(EmployeeData!$A:$A,$A15,EmployeeData!$F:$F,J$5)>0,"PT","") | ... Z15: =IF(COUNTIFS(EmployeeData!$A:$A,$A15,EmployeeData!$F:$F,Z$5)>0,"PT","") | AA15: FH | AB15: =IF(COUNTIFS(EmployeeData!$A:$A,$A15,EmployeeData!$F:$F,AB$5)>0,"PT","") | AC15: =IF(COUNTIFS(EmployeeData!$A:$A,$A15,EmployeeData!$F:$F,AC$5)>0,"PT","") | AD15: =IF(COUNTIFS(EmployeeData!$A:$A,$A15,EmployeeData!$F:$F,AD$5)>0,"PT","") | AE15: =IF(COUNTIFS(EmployeeData!$A:$A,$A15,EmployeeData!$F:$F,AE$5)>0,"PT","") | AF15: =IF(COUNTIFS(EmployeeData!$A:$A,$A15,EmployeeData!$F:$F,AF$5)>0,"PT","") | AG15: =(COUNTIF(B15:AF15,"PT")*1)+(COUNTIF(B15:AF15,"H1")*0.5)+(COUNTIF(B15:AF15,"T")*0)+(COUNTIF(B15:AF15,"R")*0)+(COUNTIF(B15:AF15,"S")*1)+(COUNTIF(B15:AF15,"C")*1)+(COUNTIF(B15:AF15,"FH")*0)+(COUNTIF(B15:AF15,"MT")*1) -> 1 | AH15: =COUNTIF(B15:AF15,"V")+COUNTIF(B15:AF15,"V1")/2+COUNTIF(B15:AF15,"V2")/2 -> 0 | AI15: =COUNTIF(B15:AF15,"S")+COUNTIF(B15:AF15,"S1")/2+COUNTIF(B15:AF15,"S2")/2 -> 0 | AJ15: =COUNTIF(B15:AF15,"M") -> 0 | AK15: =COUNTIF(B15:AF15,"U") -> 0
A16: Friendsis Rai | B16: FH | C16: =IF(COUNTIFS(EmployeeData!$A:$A,$A16,EmployeeData!$F:$F,C$5)>0,"PT","") | D16: =IF(COUNTIFS(EmployeeData!$A:$A,$A16,EmployeeData!$F:$F,D$5)>0,"PT","") | E16: =IF(COUNTIFS(EmployeeData!$A:$A,$A16,EmployeeData!$F:$F,E$5)>0,"PT","") | F16: =IF(COUNTIFS(EmployeeData!$A:$A,$A16,EmployeeData!$F:$F,F$5)>0,"PT","") | G16: =IF(COUNTIFS(EmployeeData!$A:$A,$A16,EmployeeData!$F:$F,G$5)>0,"PT","") | H16: =IF(COUNTIFS(EmployeeData!$A:$A,$A16,EmployeeData!$F:$F,H$5)>0,"PT","") | I16: =IF(COUNTIFS(EmployeeData!$A:$A,$A16,EmployeeData!$F:$F,I$5)>0,"PT","") | J16: =IF(COUNTIFS(EmployeeData!$A:$A,$A16,EmployeeData!$F:$F,J$5)>0,"PT","") | ... Z16: =IF(COUNTIFS(EmployeeData!$A:$A,$A16,EmployeeData!$F:$F,Z$5)>0,"PT","") | AA16: FH | AB16: =IF(COUNTIFS(EmployeeData!$A:$A,$A16,EmployeeData!$F:$F,AB$5)>0,"PT","") | AC16: =IF(COUNTIFS(EmployeeData!$A:$A,$A16,EmployeeData!$F:$F,AC$5)>0,"PT","") | AD16: =IF(COUNTIFS(EmployeeData!$A:$A,$A16,EmployeeData!$F:$F,AD$5)>0,"PT","") | AE16: =IF(COUNTIFS(EmployeeData!$A:$A,$A16,EmployeeData!$F:$F,AE$5)>0,"PT","") | AF16: =IF(COUNTIFS(EmployeeData!$A:$A,$A16,EmployeeData!$F:$F,AF$5)>0,"PT","") | AG16: =(COUNTIF(B16:AF16,"PT")*1)+(COUNTIF(B16:AF16,"H1")*0.5)+(COUNTIF(B16:AF16,"T")*0)+(COUNTIF(B16:AF16,"R")*0)+(COUNTIF(B16:AF16,"S")*1)+(COUNTIF(B16:AF16,"C")*1)+(COUNTIF(B16:AF16,"FH")*0)+(COUNTIF(B16:AF16,"MT")*1) -> 0 | AH16: =COUNTIF(B16:AF16,"V")+COUNTIF(B16:AF16,"V1")/2+COUNTIF(B16:AF16,"V2")/2 -> 0 | AI16: =COUNTIF(B16:AF16,"S")+COUNTIF(B16:AF16,"S1")/2+COUNTIF(B16:AF16,"S2")/2 -> 0 | AJ16: =COUNTIF(B16:AF16,"M") -> 0 | AK16: =COUNTIF(B16:AF16,"U") -> 0
A17: Divya Maheshwari | B17: FH | C17: =IF(COUNTIFS(EmployeeData!$A:$A,$A17,EmployeeData!$F:$F,C$5)>0,"PT","") | D17: =IF(COUNTIFS(EmployeeData!$A:$A,$A17,EmployeeData!$F:$F,D$5)>0,"PT","") | E17: =IF(COUNTIFS(EmployeeData!$A:$A,$A17,EmployeeData!$F:$F,E$5)>0,"PT","") | F17: =IF(COUNTIFS(EmployeeData!$A:$A,$A17,EmployeeData!$F:$F,F$5)>0,"PT","") | G17: =IF(COUNTIFS(EmployeeData!$A:$A,$A17,EmployeeData!$F:$F,G$5)>0,"PT","") | H17: =IF(COUNTIFS(EmployeeData!$A:$A,$A17,EmployeeData!$F:$F,H$5)>0,"PT","") | I17: =IF(COUNTIFS(EmployeeData!$A:$A,$A17,EmployeeData!$F:$F,I$5)>0,"PT","") | J17: =IF(COUNTIFS(EmployeeData!$A:$A,$A17,EmployeeData!$F:$F,J$5)>0,"PT","") | ... Z17: =IF(COUNTIFS(EmployeeData!$A:$A,$A17,EmployeeData!$F:$F,Z$5)>0,"PT","") | AA17: FH | AB17: =IF(COUNTIFS(EmployeeData!$A:$A,$A17,EmployeeData!$F:$F,AB$5)>0,"PT","") | AC17: =IF(COUNTIFS(EmployeeData!$A:$A,$A17,EmployeeData!$F:$F,AC$5)>0,"PT","") | AD17: =IF(COUNTIFS(EmployeeData!$A:$A,$A17,EmployeeData!$F:$F,AD$5)>0,"PT","") | AE17: =IF(COUNTIFS(EmployeeData!$A:$A,$A17,EmployeeData!$F:$F,AE$5)>0,"PT","") | AF17: =IF(COUNTIFS(EmployeeData!$A:$A,$A17,EmployeeData!$F:$F,AF$5)>0,"PT","") | AG17: =(COUNTIF(B17:AF17,"PT")*1)+(COUNTIF(B17:AF17,"H1")*0.5)+(COUNTIF(B17:AF17,"T")*0)+(COUNTIF(B17:AF17,"R")*0)+(COUNTIF(B17:AF17,"S")*1)+(COUNTIF(B17:AF17,"C")*1)+(COUNTIF(B17:AF17,"FH")*0)+(COUNTIF(B17:AF17,"MT")*1) -> 1 | AH17: =COUNTIF(B17:AF17,"V")+COUNTIF(B17:AF17,"V1")/2+COUNTIF(B17:AF17,"V2")/2 -> 0 | AI17: =COUNTIF(B17:AF17,"S")+COUNTIF(B17:AF17,"S1")/2+COUNTIF(B17:AF17,"S2")/2 -> 0 | AJ17: =COUNTIF(B17:AF17,"M") -> 0 | AK17: =COUNTIF(B17:AF17,"U") -> 0
A18: Ujjwal Waikar | B18: FH | C18: =IF(COUNTIFS(EmployeeData!$A:$A,$A18,EmployeeData!$F:$F,C$5)>0,"PT","") | D18: =IF(COUNTIFS(EmployeeData!$A:$A,$A18,EmployeeData!$F:$F,D$5)>0,"PT","") | E18: =IF(COUNTIFS(EmployeeData!$A:$A,$A18,EmployeeData!$F:$F,E$5)>0,"PT","") | F18: =IF(COUNTIFS(EmployeeData!$A:$A,$A18,EmployeeData!$F:$F,F$5)>0,"PT","") | G18: =IF(COUNTIFS(EmployeeData!$A:$A,$A18,EmployeeData!$F:$F,G$5)>0,"PT","") | H18: =IF(COUNTIFS(EmployeeData!$A:$A,$A18,EmployeeData!$F:$F,H$5)>0,"PT","") -> PT | I18: =IF(COUNTIFS(EmployeeData!$A:$A,$A18,EmployeeData!$F:$F,I$5)>0,"PT","") | J18: =IF(COUNTIFS(EmployeeData!$A:$A,$A18,EmployeeData!$F:$F,J$5)>0,"PT","") | ... Z18: =IF(COUNTIFS(EmployeeData!$A:$A,$A18,EmployeeData!$F:$F,Z$5)>0,"PT","") | AA18: FH | AB18: =IF(COUNTIFS(EmployeeData!$A:$A,$A18,EmployeeData!$F:$F,AB$5)>0,"PT","") | AC18: =IF(COUNTIFS(EmployeeData!$A:$A,$A18,EmployeeData!$F:$F,AC$5)>0,"PT","") | AD18: =IF(COUNTIFS(EmployeeData!$A:$A,$A18,EmployeeData!$F:$F,AD$5)>0,"PT","") | AE18: =IF(COUNTIFS(EmployeeData!$A:$A,$A18,EmployeeData!$F:$F,AE$5)>0,"PT","") | AF18: =IF(COUNTIFS(EmployeeData!$A:$A,$A18,EmployeeData!$F:$F,AF$5)>0,"PT","") | AG18: =(COUNTIF(B18:AF18,"PT")*1)+(COUNTIF(B18:AF18,"H1")*0.5)+(COUNTIF(B18:AF18,"T")*0)+(COUNTIF(B18:AF18,"R")*0)+(COUNTIF(B18:AF18,"S")*1)+(COUNTIF(B18:AF18,"C")*1)+(COUNTIF(B18:AF18,"FH")*0)+(COUNTIF(B18:AF18,"MT")*1) -> 1 | AH18: =COUNTIF(B18:AF18,"V")+COUNTIF(B18:AF18,"V1")/2+COUNTIF(B18:AF18,"V2")/2 -> 0 | AI18: =COUNTIF(B18:AF18,"S")+COUNTIF(B18:AF18,"S1")/2+COUNTIF(B18:AF18,"S2")/2 -> 0 | AJ18: =COUNTIF(B18:AF18,"M") -> 0 | AK18: =COUNTIF(B18:AF18,"U") -> 0
A19: Rajitha D | B19: FH | C19: =IF(COUNTIFS(EmployeeData!$A:$A,$A19,EmployeeData!$F:$F,C$5)>0,"PT","") | D19: =IF(COUNTIFS(EmployeeData!$A:$A,$A19,EmployeeData!$F:$F,D$5)>0,"PT","") | E19: =IF(COUNTIFS(EmployeeData!$A:$A,$A19,EmployeeData!$F:$F,E$5)>0,"PT","") | F19: =IF(COUNTIFS(EmployeeData!$A:$A,$A19,EmployeeData!$F:$F,F$5)>0,"PT","") | G19: =IF(COUNTIFS(EmployeeData!$A:$A,$A19,EmployeeData!$F:$F,G$5)>0,"PT","") | H19: =IF(COUNTIFS(EmployeeData!$A:$A,$A19,EmployeeData!$F:$F,H$5)>0,"PT","") | I19: =IF(COUNTIFS(EmployeeData!$A:$A,$A19,EmployeeData!$F:$F,I$5)>0,"PT","") | J19: =IF(COUNTIFS(EmployeeData!$A:$A,$A19,EmployeeData!$F:$F,J$5)>0,"PT","") | ... Z19: =IF(COUNTIFS(EmployeeData!$A:$A,$A19,EmployeeData!$F:$F,Z$5)>0,"PT","") | AA19: FH | AB19: =IF(COUNTIFS(EmployeeData!$A:$A,$A19,EmployeeData!$F:$F,AB$5)>0,"PT","") | AC19: =IF(COUNTIFS(EmployeeData!$A:$A,$A19,EmployeeData!$F:$F,AC$5)>0,"PT","") | AD19: =IF(COUNTIFS(EmployeeData!$A:$A,$A19,EmployeeData!$F:$F,AD$5)>0,"PT","") | AE19: =IF(COUNTIFS(EmployeeData!$A:$A,$A19,EmployeeData!$F:$F,AE$5)>0,"PT","") | AF19: =IF(COUNTIFS(EmployeeData!$A:$A,$A19,EmployeeData!$F:$F,AF$5)>0,"PT","") | AG19: =(COUNTIF(B19:AF19,"PT")*1)+(COUNTIF(B19:AF19,"H1")*0.5)+(COUNTIF(B19:AF19,"T")*0)+(COUNTIF(B19:AF19,"R")*0)+(COUNTIF(B19:AF19,"S")*1)+(COUNTIF(B19:AF19,"C")*1)+(COUNTIF(B19:AF19,"FH")*0)+(COUNTIF(B19:AF19,"MT")*1) -> 0 | AH19: =COUNTIF(B19:AF19,"V")+COUNTIF(B19:AF19,"V1")/2+COUNTIF(B19:AF19,"V2")/2 -> 0 | AI19: =COUNTIF(B19:AF19,"S")+COUNTIF(B19:AF19,"S1")/2+COUNTIF(B19:AF19,"S2")/2 -> 0 | AJ19: =COUNTIF(B19:AF19,"M") -> 0 | AK19: =COUNTIF(B19:AF19,"U") -> 0
A20: Lavleen Kaur | B20: FH | C20: =IF(COUNTIFS(EmployeeData!$A:$A,$A20,EmployeeData!$F:$F,C$5)>0,"PT","") | D20: =IF(COUNTIFS(EmployeeData!$A:$A,$A20,EmployeeData!$F:$F,D$5)>0,"PT","") | E20: =IF(COUNTIFS(EmployeeData!$A:$A,$A20,EmployeeData!$F:$F,E$5)>0,"PT","") | F20: =IF(COUNTIFS(EmployeeData!$A:$A,$A20,EmployeeData!$F:$F,F$5)>0,"PT","") | G20: =IF(COUNTIFS(EmployeeData!$A:$A,$A20,EmployeeData!$F:$F,G$5)>0,"PT","") | H20: =IF(COUNTIFS(EmployeeData!$A:$A,$A20,EmployeeData!$F:$F,H$5)>0,"PT","") | I20: =IF(COUNTIFS(EmployeeData!$A:$A,$A20,EmployeeData!$F:$F,I$5)>0,"PT","") -> PT | J20: =IF(COUNTIFS(EmployeeData!$A:$A,$A20,EmployeeData!$F:$F,J$5)>0,"PT","") | ... Z20: =IF(COUNTIFS(EmployeeData!$A:$A,$A20,EmployeeData!$F:$F,Z$5)>0,"PT","") | AA20: FH | AB20: =IF(COUNTIFS(EmployeeData!$A:$A,$A20,EmployeeData!$F:$F,AB$5)>0,"PT","") | AC20: =IF(COUNTIFS(EmployeeData!$A:$A,$A20,EmployeeData!$F:$F,AC$5)>0,"PT","") | AD20: =IF(COUNTIFS(EmployeeData!$A:$A,$A20,EmployeeData!$F:$F,AD$5)>0,"PT","") | AE20: =IF(COUNTIFS(EmployeeData!$A:$A,$A20,EmployeeData!$F:$F,AE$5)>0,"PT","") | AF20: =IF(COUNTIFS(EmployeeData!$A:$A,$A20,EmployeeData!$F:$F,AF$5)>0,"PT","") | AG20: =(COUNTIF(B20:AF20,"PT")*1)+(COUNTIF(B20:AF20,"H1")*0.5)+(COUNTIF(B20:AF20,"T")*0)+(COUNTIF(B20:AF20,"R")*0)+(COUNTIF(B20:AF20,"S")*1)+(COUNTIF(B20:AF20,"C")*1)+(COUNTIF(B20:AF20,"FH")*0)+(COUNTIF(B20:AF20,"MT")*1) -> 1 | AH20: =COUNTIF(B20:AF20,"V")+COUNTIF(B20:AF20,"V1")/2+COUNTIF(B20:AF20,"V2")/2 -> 0 | AI20: =COUNTIF(B20:AF20,"S")+COUNTIF(B20:AF20,"S1")/2+COUNTIF(B20:AF20,"S2")/2 -> 0 | AJ20: =COUNTIF(B20:AF20,"M") -> 0 | AK20: =COUNTIF(B20:AF20,"U") -> 0
A21: Sanjay Singhal | B21: FH | C21: =IF(COUNTIFS(EmployeeData!$A:$A,$A21,EmployeeData!$F:$F,C$5)>0,"PT","") | D21: =IF(COUNTIFS(EmployeeData!$A:$A,$A21,EmployeeData!$F:$F,D$5)>0,"PT","") | E21: =IF(COUNTIFS(EmployeeData!$A:$A,$A21,EmployeeData!$F:$F,E$5)>0,"PT","") | F21: =IF(COUNTIFS(EmployeeData!$A:$A,$A21,EmployeeData!$F:$F,F$5)>0,"PT","") | G21: =IF(COUNTIFS(EmployeeData!$A:$A,$A21,EmployeeData!$F:$F,G$5)>0,"PT","") | H21: =IF(COUNTIFS(EmployeeData!$A:$A,$A21,EmployeeData!$F:$F,H$5)>0,"PT","") | I21: =IF(COUNTIFS(EmployeeData!$A:$A,$A21,EmployeeData!$F:$F,I$5)>0,"PT","") | J21: =IF(COUNTIFS(EmployeeData!$A:$A,$A21,EmployeeData!$F:$F,J$5)>0,"PT","") | ... Z21: =IF(COUNTIFS(EmployeeData!$A:$A,$A21,EmployeeData!$F:$F,Z$5)>0,"PT","") | AA21: FH | AB21: =IF(COUNTIFS(EmployeeData!$A:$A,$A21,EmployeeData!$F:$F,AB$5)>0,"PT","") | AC21: =IF(COUNTIFS(EmployeeData!$A:$A,$A21,EmployeeData!$F:$F,AC$5)>0,"PT","") | AD21: =IF(COUNTIFS(EmployeeData!$A:$A,$A21,EmployeeData!$F:$F,AD$5)>0,"PT","") | AE21: =IF(COUNTIFS(EmployeeData!$A:$A,$A21,EmployeeData!$F:$F,AE$5)>0,"PT","") | AF21: =IF(COUNTIFS(EmployeeData!$A:$A,$A21,EmployeeData!$F:$F,AF$5)>0,"PT","") | AG21: =(COUNTIF(B21:AF21,"PT")*1)+(COUNTIF(B21:AF21,"H1")*0.5)+(COUNTIF(B21:AF21,"T")*0)+(COUNTIF(B21:AF21,"R")*0)+(COUNTIF(B21:AF21,"S")*1)+(COUNTIF(B21:AF21,"C")*1)+(COUNTIF(B21:AF21,"FH")*0)+(COUNTIF(B21:AF21,"MT")*1) -> 0 | AH21: =COUNTIF(B21:AF21,"V")+COUNTIF(B21:AF21,"V1")/2+COUNTIF(B21:AF21,"V2")/2 -> 0 | AI21: =COUNTIF(B21:AF21,"S")+COUNTIF(B21:AF21,"S1")/2+COUNTIF(B21:AF21,"S2")/2 -> 0 | AJ21: =COUNTIF(B21:AF21,"M") -> 0 | AK21: =COUNTIF(B21:AF21,"U") -> 0
A22: Robin Babu | B22: FH | C22: =IF(COUNTIFS(EmployeeData!$A:$A,$A22,EmployeeData!$F:$F,C$5)>0,"PT","") | D22: =IF(COUNTIFS(EmployeeData!$A:$A,$A22,EmployeeData!$F:$F,D$5)>0,"PT","") | E22: =IF(COUNTIFS(EmployeeData!$A:$A,$A22,EmployeeData!$F:$F,E$5)>0,"PT","") | F22: =IF(COUNTIFS(EmployeeData!$A:$A,$A22,EmployeeData!$F:$F,F$5)>0,"PT","") | G22: =IF(COUNTIFS(EmployeeData!$A:$A,$A22,EmployeeData!$F:$F,G$5)>0,"PT","") | H22: =IF(COUNTIFS(EmployeeData!$A:$A,$A22,EmployeeData!$F:$F,H$5)>0,"PT","") | I22: =IF(COUNTIFS(EmployeeData!$A:$A,$A22,EmployeeData!$F:$F,I$5)>0,"PT","") | J22: =IF(COUNTIFS(EmployeeData!$A:$A,$A22,EmployeeData!$F:$F,J$5)>0,"PT","") | ... Z22: =IF(COUNTIFS(EmployeeData!$A:$A,$A22,EmployeeData!$F:$F,Z$5)>0,"PT","") | AA22: FH | AB22: =IF(COUNTIFS(EmployeeData!$A:$A,$A22,EmployeeData!$F:$F,AB$5)>0,"PT","") -> PT | AC22: =IF(COUNTIFS(EmployeeData!$A:$A,$A22,EmployeeData!$F:$F,AC$5)>0,"PT","") | AD22: =IF(COUNTIFS(EmployeeData!$A:$A,$A22,EmployeeData!$F:$F,AD$5)>0,"PT","") | AE22: =IF(COUNTIFS(EmployeeData!$A:$A,$A22,EmployeeData!$F:$F,AE$5)>0,"PT","") | AF22: =IF(COUNTIFS(EmployeeData!$A:$A,$A22,EmployeeData!$F:$F,AF$5)>0,"PT","") | AG22: =(COUNTIF(B22:AF22,"PT")*1)+(COUNTIF(B22:AF22,"H1")*0.5)+(COUNTIF(B22:AF22,"T")*0)+(COUNTIF(B22:AF22,"R")*0)+(COUNTIF(B22:AF22,"S")*1)+(COUNTIF(B22:AF22,"C")*1)+(COUNTIF(B22:AF22,"FH")*0)+(COUNTIF(B22:AF22,"MT")*1) -> 1 | AH22: =COUNTIF(B22:AF22,"V")+COUNTIF(B22:AF22,"V1")/2+COUNTIF(B22:AF22,"V2")/2 -> 0 | AI22: =COUNTIF(B22:AF22,"S")+COUNTIF(B22:AF22,"S1")/2+COUNTIF(B22:AF22,"S2")/2 -> 0 | AJ22: =COUNTIF(B22:AF22,"M") -> 0 | AK22: =COUNTIF(B22:AF22,"U") -> 0
A23: Pavani B Raj | B23: FH | C23: =IF(COUNTIFS(EmployeeData!$A:$A,$A23,EmployeeData!$F:$F,C$5)>0,"PT","") -> PT | D23: =IF(COUNTIFS(EmployeeData!$A:$A,$A23,EmployeeData!$F:$F,D$5)>0,"PT","") | E23: =IF(COUNTIFS(EmployeeData!$A:$A,$A23,EmployeeData!$F:$F,E$5)>0,"PT","") | F23: =IF(COUNTIFS(EmployeeData!$A:$A,$A23,EmployeeData!$F:$F,F$5)>0,"PT","") | G23: =IF(COUNTIFS(EmployeeData!$A:$A,$A23,EmployeeData!$F:$F,G$5)>0,"PT","") | H23: =IF(COUNTIFS(EmployeeData!$A:$A,$A23,EmployeeData!$F:$F,H$5)>0,"PT","") | I23: =IF(COUNTIFS(EmployeeData!$A:$A,$A23,EmployeeData!$F:$F,I$5)>0,"PT","") | J23: =IF(COUNTIFS(EmployeeData!$A:$A,$A23,EmployeeData!$F:$F,J$5)>0,"PT","") | ... Z23: =IF(COUNTIFS(EmployeeData!$A:$A,$A23,EmployeeData!$F:$F,Z$5)>0,"PT","") | AA23: FH | AB23: =IF(COUNTIFS(EmployeeData!$A:$A,$A23,EmployeeData!$F:$F,AB$5)>0,"PT","") | AC23: =IF(COUNTIFS(EmployeeData!$A:$A,$A23,EmployeeData!$F:$F,AC$5)>0,"PT","") | AD23: =IF(COUNTIFS(EmployeeData!$A:$A,$A23,EmployeeData!$F:$F,AD$5)>0,"PT","") | AE23: =IF(COUNTIFS(EmployeeData!$A:$A,$A23,EmployeeData!$F:$F,AE$5)>0,"PT","") | AF23: =IF(COUNTIFS(EmployeeData!$A:$A,$A23,EmployeeData!$F:$F,AF$5)>0,"PT","") | AG23: =(COUNTIF(B23:AF23,"PT")*1)+(COUNTIF(B23:AF23,"H1")*0.5)+(COUNTIF(B23:AF23,"T")*0)+(COUNTIF(B23:AF23,"R")*0)+(COUNTIF(B23:AF23,"S")*1)+(COUNTIF(B23:AF23,"C")*1)+(COUNTIF(B23:AF23,"FH")*0)+(COUNTIF(B23:AF23,"MT")*1) -> 1 | AH23: =COUNTIF(B23:AF23,"V")+COUNTIF(B23:AF23,"V1")/2+COUNTIF(B23:AF23,"V2")/2 -> 0 | AI23: =COUNTIF(B23:AF23,"S")+COUNTIF(B23:AF23,"S1")/2+COUNTIF(B23:AF23,"S2")/2 -> 0 | AJ23: =COUNTIF(B23:AF23,"M") -> 0 | AK23: =COUNTIF(B23:AF23,"U") -> 0
... A36: Bhalerao, Rachana | B36: FH | C36: =IF(COUNTIFS(EmployeeData!$A:$A,$A36,EmployeeData!$F:$F,C$5)>0,"PT","") | D36: =IF(COUNTIFS(EmployeeData!$A:$A,$A36,EmployeeData!$F:$F,D$5)>0,"PT","") | E36: =IF(COUNTIFS(EmployeeData!$A:$A,$A36,EmployeeData!$F:$F,E$5)>0,"PT","") | F36: =IF(COUNTIFS(EmployeeData!$A:$A,$A36,EmployeeData!$F:$F,F$5)>0,"PT","") | G36: =IF(COUNTIFS(EmployeeData!$A:$A,$A36,EmployeeData!$F:$F,G$5)>0,"PT","") | H36: =IF(COUNTIFS(EmployeeData!$A:$A,$A36,EmployeeData!$F:$F,H$5)>0,"PT","") | I36: =IF(COUNTIFS(EmployeeData!$A:$A,$A36,EmployeeData!$F:$F,I$5)>0,"PT","") | J36: =IF(COUNTIFS(EmployeeData!$A:$A,$A36,EmployeeData!$F:$F,J$5)>0,"PT","") | ... Z36: =IF(COUNTIFS(EmployeeData!$A:$A,$A36,EmployeeData!$F:$F,Z$5)>0,"PT","") | AA36: FH | AB36: =IF(COUNTIFS(EmployeeData!$A:$A,$A36,EmployeeData!$F:$F,AB$5)>0,"PT","") | AC36: =IF(COUNTIFS(EmployeeData!$A:$A,$A36,EmployeeData!$F:$F,AC$5)>0,"PT","") | AD36: =IF(COUNTIFS(EmployeeData!$A:$A,$A36,EmployeeData!$F:$F,AD$5)>0,"PT","") | AE36: =IF(COUNTIFS(EmployeeData!$A:$A,$A36,EmployeeData!$F:$F,AE$5)>0,"PT","") | AF36: =IF(COUNTIFS(EmployeeData!$A:$A,$A36,EmployeeData!$F:$F,AF$5)>0,"PT","") | AG36: =(COUNTIF(B36:AF36,"PT")*1)+(COUNTIF(B36:AF36,"H1")*0.5)+(COUNTIF(B36:AF36,"T")*0)+(COUNTIF(B36:AF36,"R")*0)+(COUNTIF(B36:AF36,"S")*1)+(COUNTIF(B36:AF36,"C")*1)+(COUNTIF(B36:AF36,"FH")*0)+(COUNTIF(B36:AF36,"MT")*1) -> 0 | AH36: =COUNTIF(B36:AF36,"V")+COUNTIF(B36:AF36,"V1")/2+COUNTIF(B36:AF36,"V2")/2 -> 0 | AI36: =COUNTIF(B36:AF36,"S")+COUNTIF(B36:AF36,"S1")/2+COUNTIF(B36:AF36,"S2")/2 -> 0 | AJ36: =COUNTIF(B36:AF36,"M") -> 0 | AK36: =COUNTIF(B36:AF36,"U") -> 0

Sheet Feb
A1: February
A3: Team Members | B3: =IF(B4="","",INDEX({"Sun";"Mon";"Tue";"Wed";"Thu";"Fri";"Sat"},WEEKDAY(B4,1))) -> Sun | C3: =IF(C4="","",INDEX({"Sun";"Mon";"Tue";"Wed";"Thu";"Fri";"Sat"},WEEKDAY(C4,1))) -> Mon | D3: =IF(D4="","",INDEX({"Sun";"Mon";"Tue";"Wed";"Thu";"Fri";"Sat"},WEEKDAY(D4,1))) -> Tue | E3: =IF(E4="","",INDEX({"Sun";"Mon";"Tue";"Wed";"Thu";"Fri";"Sat"},WEEKDAY(E4,1))) -> Wed | F3: =IF(F4="","",INDEX({"Sun";"Mon";"Tue";"Wed";"Thu";"Fri";"Sat"},WEEKDAY(F4,1))) -> Thu | G3: =IF(G4="","",INDEX({"Sun";"Mon";"Tue";"Wed";"Thu";"Fri";"Sat"},WEEKDAY(G4,1))) -> Fri | H3: =IF(H4="","",INDEX({"Sun";"Mon";"Tue";"Wed";"Thu";"Fri";"Sat"},WEEKDAY(H4,1))) -> Sat | I3: =IF(I4="","",INDEX({"Sun";"Mon";"Tue";"Wed";"Thu";"Fri";"Sat"},WEEKDAY(I4,1))) -> Sun | ... AC3: =IF(AC4="","",INDEX({"Sun";"Mon";"Tue";"Wed";"Thu";"Fri";"Sat"},WEEKDAY(AC4,1))) -> Sat | AD3: Total Absence Days | AE3: Total Vacation Leave Days | AF3: Total Sick Leave Days | AG3: Maternity or Paternity | AH3: Leave without Pay | AJ3: Absence Type | AK3: Code
B4: =DATE(Year!$B$2,2,1) -> 46054 | C4: =B4+1 -> 46055 | D4: =C4+1 -> 46056 | E4: =D4+1 -> 46057 | F4: =E4+1 -> 46058 | G4: =F4+1 -> 46059 | H4: =G4+1 -> 46060 | I4: =H4+1 -> 46061 | J4: =I4+1 -> 46062 | ... AC4: =AB4+1 -> 46081
A5: Nitish Kumar | AD5: =SUM(AE5:AH5) -> 0 | AE5: =COUNTIF(B5:AC5,"V")+COUNTIF(B5:AC5,"V1")/2+COUNTIF(B5:AC5,"V2")/2 -> 0 | AF5: =COUNTIF(B5:AC5,"S")+COUNTIF(B5:AC5,"S1")/2+COUNTIF(B5:AC5,"S2")/2 -> 0 | AG5: =COUNTIF(B5:AC5,"M") -> 0 | AH5: =COUNTIF(B5:AC5,"U") -> 0 | AJ5: PTO | AK5: PT
A6: Bharti Kumari | AD6: =SUM(AE6:AH6) -> 0 | AE6: =COUNTIF(B6:AC6,"V")+COUNTIF(B6:AC6,"V1")/2+COUNTIF(B6:AC6,"V2")/2 -> 0 | AF6: =COUNTIF(B6:AC6,"S")+COUNTIF(B6:AC6,"S1")/2+COUNTIF(B6:AC6,"S2")/2 -> 0 | AG6: =COUNTIF(B6:AC6,"M") -> 0 | AH6: =COUNTIF(B6:AC6,"U") -> 0 | AJ6: Sick leave/ Emergency leave | AK6: S
A7: Sruthi G | AD7: =SUM(AE7:AH7) -> 0 | AE7: =COUNTIF(B7:AC7,"V")+COUNTIF(B7:AC7,"V1")/2+COUNTIF(B7:AC7,"V2")/2 -> 0 | AF7: =COUNTIF(B7:AC7,"S")+COUNTIF(B7:AC7,"S1")/2+COUNTIF(B7:AC7,"S2")/2 -> 0 | AG7: =COUNTIF(B7:AC7,"M") -> 0 | AH7: =COUNTIF(B7:AC7,"U") -> 0 | AJ7: Half Day | AK7: H1
A8: Balagopalan, Akhila | AD8: =SUM(AE8:AH8) -> 0 | AE8: =COUNTIF(B8:AC8,"V")+COUNTIF(B8:AC8,"V1")/2+COUNTIF(B8:AC8,"V2")/2 -> 0 | AF8: =COUNTIF(B8:AC8,"S")+COUNTIF(B8:AC8,"S1")/2+COUNTIF(B8:AC8,"S2")/2 -> 0 | AG8: =COUNTIF(B8:AC8,"M") -> 0 | AH8: =COUNTIF(B8:AC8,"U") -> 0 | AJ8: Maternity/Paternity | AK8: MT
A9: Jagannath Belel | AD9: =SUM(AE9:AH9) -> 0 | AE9: =COUNTIF(B9:AC9,"V")+COUNTIF(B9:AC9,"V1")/2+COUNTIF(B9:AC9,"V2")/2 -> 0 | AF9: =COUNTIF(B9:AC9,"S")+COUNTIF(B9:AC9,"S1")/2+COUNTIF(B9:AC9,"S2")/2 -> 0 | AG9: =COUNTIF(B9:AC9,"M") -> 0 | AH9: =COUNTIF(B9:AC9,"U") -> 0 | AJ9: Firm Holiday | AK9: FH
A10: Sanchi Yadav | AD10: =SUM(AE10:AH10) -> 0 | AE10: =COUNTIF(B10:AC10,"V")+COUNTIF(B10:AC10,"V1")/2+COUNTIF(B10:AC10,"V2")/2 -> 0 | AF10: =COUNTIF(B10:AC10,"S")+COUNTIF(B10:AC10,"S1")/2+COUNTIF(B10:AC10,"S2")/2 -> 0 | AG10: =COUNTIF(B10:AC10,"M") -> 0 | AH10: =COUNTIF(B10:AC10,"U") -> 0 | AJ10: Leave without Pay | AK10: U
A11: Gollapudi, Gireesh | AD11: =SUM(AE11:AH11) -> 0 | AE11: =COUNTIF(B11:AC11,"V")+COUNTIF(B11:AC11,"V1")/2+COUNTIF(B11:AC11,"V2")/2 -> 0 | AF11: =COUNTIF(B11:AC11,"S")+COUNTIF(B11:AC11,"S1")/2+COUNTIF(B11:AC11,"S2")/2 -> 0 | AG11: =COUNTIF(B11:AC11,"M") -> 0 | AH11: =COUNTIF(B11:AC11,"U") -> 0
A12: Rachana, Golla | AD12: =SUM(AE12:AH12) -> 0 | AE12: =COUNTIF(B12:AC12,"V")+COUNTIF(B12:AC12,"V1")/2+COUNTIF(B12:AC12,"V2")/2 -> 0 | AF12: =COUNTIF(B12:AC12,"S")+COUNTIF(B12:AC12,"S1")/2+COUNTIF(B12:AC12,"S2")/2 -> 0 | AG12: =COUNTIF(B12:AC12,"M") -> 0 | AH12: =COUNTIF(B12:AC12,"U") -> 0
A13: Parth Zalavadia | AD13: =SUM(AE13:AH13) -> 0 | AE13: =COUNTIF(B13:AC13,"V")+COUNTIF(B13:AC13,"V1")/2+COUNTIF(B13:AC13,"V2")/2 -> 0 | AF13: =COUNTIF(B13:AC13,"S")+COUNTIF(B13:AC13,"S1")/2+COUNTIF(B13:AC13,"S2")/2 -> 0 | AG13: =COUNTIF(B13:AC13,"M") -> 0 | AH13: =COUNTIF(B13:AC13,"U") -> 0
A14: Harshit Malpani | AD14: =SUM(AE14:AH14) -> 0 | AE14: =COUNTIF(B14:AC14,"V")+COUNTIF(B14:AC14,"V1")/2+COUNTIF(B14:AC14,"V2")/2 -> 0 | AF14: =COUNTIF(B14:AC14,"S")+COUNTIF(B14:AC14,"S1")/2+COUNTIF(B14:AC14,"S2")/2 -> 0 | AG14: =COUNTIF(B14:AC14,"M") -> 0 | AH14: =COUNTIF(B14:AC14,"U") -> 0
A15: Friendsis Rai | AD15: =SUM(AE15:AH15) -> 0 | AE15: =COUNTIF(B15:AC15,"V")+COUNTIF(B15:AC15,"V1")/2+COUNTIF(B15:AC15,"V2")/2 -> 0 | AF15: =COUNTIF(B15:AC15,"S")+COUNTIF(B15:AC15,"S1")/2+COUNTIF(B15:AC15,"S2")/2 -> 0 | AG15: =COUNTIF(B15:AC15,"M") -> 0 | AH15: =COUNTIF(B15:AC15,"U") -> 0
A16: Divya Maheshwari | AD16: =SUM(AE16:AH16) -> 0 | AE16: =COUNTIF(B16:AC16,"V")+COUNTIF(B16:AC16,"V1")/2+COUNTIF(B16:AC16,"V2")/2 -> 0 | AF16: =COUNTIF(B16:AC16,"S")+COUNTIF(B16:AC16,"S1")/2+COUNTIF(B16:AC16,"S2")/2 -> 0 | AG16: =COUNTIF(B16:AC16,"M") -> 0 | AH16: =COUNTIF(B16:AC16,"U") -> 0
A17: Ujjwal Waikar | AD17: =SUM(AE17:AH17) -> 0 | AE17: =COUNTIF(B17:AC17,"V")+COUNTIF(B17:AC17,"V1")/2+COUNTIF(B17:AC17,"V2")/2 -> 0 | AF17: =COUNTIF(B17:AC17,"S")+COUNTIF(B17:AC17,"S1")/2+COUNTIF(B17:AC17,"S2")/2 -> 0 | AG17: =COUNTIF(B17:AC17,"M") -> 0 | AH17: =COUNTIF(B17:AC17,"U") -> 0
A18: Rajitha D | AD18: =SUM(AE18:AH18) -> 0 | AE18: =COUNTIF(B18:AC18,"V")+COUNTIF(B18:AC18,"V1")/2+COUNTIF(B18:AC18,"V2")/2 -> 0 | AF18: =COUNTIF(B18:AC18,"S")+COUNTIF(B18:AC18,"S1")/2+COUNTIF(B18:AC18,"S2")/2 -> 0 | AG18: =COUNTIF(B18:AC18,"M") -> 0 | AH18: =COUNTIF(B18:AC18,"U") -> 0
A19: Lavleen Kaur | AD19: =SUM(AE19:AH19) -> 0 | AE19: =COUNTIF(B19:AC19,"V")+COUNTIF(B19:AC19,"V1")/2+COUNTIF(B19:AC19,"V2")/2 -> 0 | AF19: =COUNTIF(B19:AC19,"S")+COUNTIF(B19:AC19,"S1")/2+COUNTIF(B19:AC19,"S2")/2 -> 0 | AG19: =COUNTIF(B19:AC19,"M") -> 0 | AH19: =COUNTIF(B19:AC19,"U") -> 0
A20: Sanjay Singhal | AD20: =SUM(AE20:AH20) -> 0 | AE20: =COUNTIF(B20:AC20,"V")+COUNTIF(B20:AC20,"V1")/2+COUNTIF(B20:AC20,"V2")/2 -> 0 | AF20: =COUNTIF(B20:AC20,"S")+COUNTIF(B20:AC20,"S1")/2+COUNTIF(B20:AC20,"S2")/2 -> 0 | AG20: =COUNTIF(B20:AC20,"M") -> 0 | AH20: =COUNTIF(B20:AC20,"U") -> 0
A21: Robin Babu | AD21: =SUM(AE21:AH21) -> 0 | AE21: =COUNTIF(B21:AC21,"V")+COUNTIF(B21:AC21,"V1")/2+COUNTIF(B21:AC21,"V2")/2 -> 0 | AF21: =COUNTIF(B21:AC21,"S")+COUNTIF(B21:AC21,"S1")/2+COUNTIF(B21:AC21,"S2")/2 -> 0 | AG21: =COUNTIF(B21:AC21,"M") -> 0 | AH21: =COUNTIF(B21:AC21,"U") -> 0
A22: Pavani B Raj | AD22: =SUM(AE22:AH22) -> 0 | AE22: =COUNTIF(B22:AC22,"V")+COUNTIF(B22:AC22,"V1")/2+COUNTIF(B22:AC22,"V2")/2 -> 0 | AF22: =COUNTIF(B22:AC22,"S")+COUNTIF(B22:AC22,"S1")/2+COUNTIF(B22:AC22,"S2")/2 -> 0 | AG22: =COUNTIF(B22:AC22,"M") -> 0 | AH22: =COUNTIF(B22:AC22,"U") -> 0
... A35: Bhalerao, Rachana | AD35: =SUM(AE35:AH35) -> 0 | AE35: =COUNTIF(B35:AC35,"V")+COUNTIF(B35:AC35,"V1")/2+COUNTIF(B35:AC35,"V2")/2 -> 0 | AF35: =COUNTIF(B35:AC35,"S")+COUNTIF(B35:AC35,"S1")/2+COUNTIF(B35:AC35,"S2")/2 -> 0 | AG35: =COUNTIF(B35:AC35,"M") -> 0 | AH35: =COUNTIF(B35:AC35,"U") -> 0

Sheet Mar
A1: March
A3: Employee | B3: =IF(B4="","",INDEX({"Sun";"Mon";"Tue";"Wen";"Thu";"Fri";"Sat"},WEEKDAY(B4,1))) -> Sun | C3: =IF(C4="","",INDEX({"Sun";"Mon";"Tue";"Wen";"Thu";"Fri";"Sat"},WEEKDAY(C4,1))) -> Mon | D3: =IF(D4="","",INDEX({"Sun";"Mon";"Tue";"Wen";"Thu";"Fri";"Sat"},WEEKDAY(D4,1))) -> Tue | E3: =IF(E4="","",INDEX({"Sun";"Mon";"Tue";"Wen";"Thu";"Fri";"Sat"},WEEKDAY(E4,1))) -> Wen | F3: =IF(F4="","",INDEX({"Sun";"Mon";"Tue";"Wen";"Thu";"Fri";"Sat"},WEEKDAY(F4,1))) -> Thu | G3: =IF(G4="","",INDEX({"Sun";"Mon";"Tue";"Wen";"Thu";"Fri";"Sat"},WEEKDAY(G4,1))) -> Fri | H3: =IF(H4="","",INDEX({"Sun";"Mon";"Tue";"Wen";"Thu";"Fri";"Sat"},WEEKDAY(H4,1))) -> Sat | I3: =IF(I4="","",INDEX({"Sun";"Mon";"Tue";"Wen";"Thu";"Fri";"Sat"},WEEKDAY(I4,1))) -> Sun | ... AF3: =IF(AF4="","",INDEX({"Sun";"Mon";"Tue";"Wen";"Thu";"Fri";"Sat"},WEEKDAY(AF4,1))) -> Tue | AG3: Total Absence Days | AH3: Total Vacation Leave Days | AI3: Total Sick Leave Days | AJ3: Maternity or Paternity | AK3: Leave without Pay | AM3: Absence Type | AN3: Code
B4: =DATE(Year!$B$2,3,1) -> 46082 | C4: =B4+1 -> 46083 | D4: =C4+1 -> 46084 | E4: =D4+1 -> 46085 | F4: =E4+1 -> 46086 | G4: =F4+1 -> 46087 | H4: =G4+1 -> 46088 | I4: =H4+1 -> 46089 | J4: =I4+1 -> 46090 | ... AF4: =AE4+1 -> 46112
AM5: PTO | AN5: PT
A6: Nitish Kumar | AG6: =SUM(AH6:AK6) -> 0 | AH6: =COUNTIF(B6:AF6,"V")+COUNTIF(B6:AF6,"V1")/2+COUNTIF(B6:AF6,"V2")/2 -> 0 | AI6: =COUNTIF(B6:AF6,"S")+COUNTIF(B6:AF6,"S1")/2+COUNTIF(B6:AF6,"S2")/2 -> 0 | AJ6: =COUNTIF(B6:AF6,"M") -> 0 | AK6: =COUNTIF(B6:AF6,"U") -> 0 | AM6: Sick leave/ Emergency leave | AN6: S
A7: Bharti Kumari | AG7: =SUM(AH7:AK7) -> 0 | AH7: =COUNTIF(B7:AF7,"V")+COUNTIF(B7:AF7,"V1")/2+COUNTIF(B7:AF7,"V2")/2 -> 0 | AI7: =COUNTIF(B7:AF7,"S")+COUNTIF(B7:AF7,"S1")/2+COUNTIF(B7:AF7,"S2")/2 -> 0 | AJ7: =COUNTIF(B7:AF7,"M") -> 0 | AK7: =COUNTIF(B7:AF7,"U") -> 0 | AM7: Half Day | AN7: H1
A8: Sruthi G | AG8: =SUM(AH8:AK8) -> 0 | AH8: =COUNTIF(B8:AF8,"V")+COUNTIF(B8:AF8,"V1")/2+COUNTIF(B8:AF8,"V2")/2 -> 0 | AI8: =COUNTIF(B8:AF8,"S")+COUNTIF(B8:AF8,"S1")/2+COUNTIF(B8:AF8,"S2")/2 -> 0 | AJ8: =COUNTIF(B8:AF8,"M") -> 0 | AK8: =COUNTIF(B8:AF8,"U") -> 0 | AM8: Maternity/Paternity | AN8: MT
A9: Balagopalan, Akhila | AG9: =SUM(AH9:AK9) -> 0 | AH9: =COUNTIF(B9:AF9,"V")+COUNTIF(B9:AF9,"V1")/2+COUNTIF(B9:AF9,"V2")/2 -> 0 | AI9: =COUNTIF(B9:AF9,"S")+COUNTIF(B9:AF9,"S1")/2+COUNTIF(B9:AF9,"S2")/2 -> 0 | AJ9: =COUNTIF(B9:AF9,"M") -> 0 | AK9: =COUNTIF(B9:AF9,"U") -> 0 | AM9: Firm Holiday | AN9: FH
A10: Jagannath Belel | AG10: =SUM(AH10:AK10) -> 0 | AH10: =COUNTIF(B10:AF10,"V")+COUNTIF(B10:AF10,"V1")/2+COUNTIF(B10:AF10,"V2")/2 -> 0 | AI10: =COUNTIF(B10:AF10,"S")+COUNTIF(B10:AF10,"S1")/2+COUNTIF(B10:AF10,"S2")/2 -> 0 | AJ10: =COUNTIF(B10:AF10,"M") -> 0 | AK10: =COUNTIF(B10:AF10,"U") -> 0 | AM10: Leave without Pay | AN10: U
A11: Sanchi Yadav | AG11: =SUM(AH11:AK11) -> 0 | AH11: =COUNTIF(B11:AF11,"V")+COUNTIF(B11:AF11,"V1")/2+COUNTIF(B11:AF11,"V2")/2 -> 0 | AI11: =COUNTIF(B11:AF11,"S")+COUNTIF(B11:AF11,"S1")/2+COUNTIF(B11:AF11,"S2")/2 -> 0 | AJ11: =COUNTIF(B11:AF11,"M") -> 0 | AK11: =COUNTIF(B11:AF11,"U") -> 0
A12: Gollapudi, Gireesh | AG12: =SUM(AH12:AK12) -> 0 | AH12: =COUNTIF(B12:AF12,"V")+COUNTIF(B12:AF12,"V1")/2+COUNTIF(B12:AF12,"V2")/2 -> 0 | AI12: =COUNTIF(B12:AF12,"S")+COUNTIF(B12:AF12,"S1")/2+COUNTIF(B12:AF12,"S2")/2 -> 0 | AJ12: =COUNTIF(B12:AF12,"M") -> 0 | AK12: =COUNTIF(B12:AF12,"U") -> 0
A13: Rachana, Golla | AG13: =SUM(AH13:AK13) -> 0 | AH13: =COUNTIF(B13:AF13,"V")+COUNTIF(B13:AF13,"V1")/2+COUNTIF(B13:AF13,"V2")/2 -> 0 | AI13: =COUNTIF(B13:AF13,"S")+COUNTIF(B13:AF13,"S1")/2+COUNTIF(B13:AF13,"S2")/2 -> 0 | AJ13: =COUNTIF(B13:AF13,"M") -> 0 | AK13: =COUNTIF(B13:AF13,"U") -> 0
A14: Parth Zalavadia | AG14: =SUM(AH14:AK14) -> 0 | AH14: =COUNTIF(B14:AF14,"V")+COUNTIF(B14:AF14,"V1")/2+COUNTIF(B14:AF14,"V2")/2 -> 0 | AI14: =COUNTIF(B14:AF14,"S")+COUNTIF(B14:AF14,"S1")/2+COUNTIF(B14:AF14,"S2")/2 -> 0 | AJ14: =COUNTIF(B14:AF14,"M") -> 0 | AK14: =COUNTIF(B14:AF14,"U") -> 0
A15: Harshit Malpani | AG15: =SUM(AH15:AK15) -> 0 | AH15: =COUNTIF(B15:AF15,"V")+COUNTIF(B15:AF15,"V1")/2+COUNTIF(B15:AF15,"V2")/2 -> 0 | AI15: =COUNTIF(B15:AF15,"S")+COUNTIF(B15:AF15,"S1")/2+COUNTIF(B15:AF15,"S2")/2 -> 0 | AJ15: =COUNTIF(B15:AF15,"M") -> 0 | AK15: =COUNTIF(B15:AF15,"U") -> 0
A16: Friendsis Rai | AG16: =SUM(AH16:AK16) -> 0 | AH16: =COUNTIF(B16:AF16,"V")+COUNTIF(B16:AF16,"V1")/2+COUNTIF(B16:AF16,"V2")/2 -> 0 | AI16: =COUNTIF(B16:AF16,"S")+COUNTIF(B16:AF16,"S1")/2+COUNTIF(B16:AF16,"S2")/2 -> 0 | AJ16: =COUNTIF(B16:AF16,"M") -> 0 | AK16: =COUNTIF(B16:AF16,"U") -> 0
A17: Divya Maheshwari | AG17: =SUM(AH17:AK17) -> 0 | AH17: =COUNTIF(B17:AF17,"V")+COUNTIF(B17:AF17,"V1")/2+COUNTIF(B17:AF17,"V2")/2 -> 0 | AI17: =COUNTIF(B17:AF17,"S")+COUNTIF(B17:AF17,"S1")/2+COUNTIF(B17:AF17,"S2")/2 -> 0 | AJ17: =COUNTIF(B17:AF17,"M") -> 0 | AK17: =COUNTIF(B17:AF17,"U") -> 0
A18: Ujjwal Waikar | AG18: =SUM(AH18:AK18) -> 0 | AH18: =COUNTIF(B18:AF18,"V")+COUNTIF(B18:AF18,"V1")/2+COUNTIF(B18:AF18,"V2")/2 -> 0 | AI18: =COUNTIF(B18:AF18,"S")+COUNTIF(B18:AF18,"S1")/2+COUNTIF(B18:AF18,"S2")/2 -> 0 | AJ18: =COUNTIF(B18:AF18,"M") -> 0 | AK18: =COUNTIF(B18:AF18,"U") -> 0
A19: Rajitha D | AG19: =SUM(AH19:AK19) -> 0 | AH19: =COUNTIF(B19:AF19,"V")+COUNTIF(B19:AF19,"V1")/2+COUNTIF(B19:AF19,"V2")/2 -> 0 | AI19: =COUNTIF(B19:AF19,"S")+COUNTIF(B19:AF19,"S1")/2+COUNTIF(B19:AF19,"S2")/2 -> 0 | AJ19: =COUNTIF(B19:AF19,"M") -> 0 | AK19: =COUNTIF(B19:AF19,"U") -> 0
A20: Lavleen Kaur | AG20: =SUM(AH20:AK20) -> 0 | AH20: =COUNTIF(B20:AF20,"V")+COUNTIF(B20:AF20,"V1")/2+COUNTIF(B20:AF20,"V2")/2 -> 0 | AI20: =COUNTIF(B20:AF20,"S")+COUNTIF(B20:AF20,"S1")/2+COUNTIF(B20:AF20,"S2")/2 -> 0 | AJ20: =COUNTIF(B20:AF20,"M") -> 0 | AK20: =COUNTIF(B20:AF20,"U") -> 0
A21: Sanjay Singhal | AG21: =SUM(AH21:AK21) -> 0 | AH21: =COUNTIF(B21:AF21,"V")+COUNTIF(B21:AF21,"V1")/2+COUNTIF(B21:AF21,"V2")/2 -> 0 | AI21: =COUNTIF(B21:AF21,"S")+COUNTIF(B21:AF21,"S1")/2+COUNTIF(B21:AF21,"S2")/2 -> 0 | AJ21: =COUNTIF(B21:AF21,"M") -> 0 | AK21: =COUNTIF(B21:AF21,"U") -> 0
A22: Robin Babu | AG22: =SUM(AH22:AK22) -> 0 | AH22: =COUNTIF(B22:AF22,"V")+COUNTIF(B22:AF22,"V1")/2+COUNTIF(B22:AF22,"V2")/2 -> 0 | AI22: =COUNTIF(B22:AF22,"S")+COUNTIF(B22:AF22,"S1")/2+COUNTIF(B22:AF22,"S2")/2 -> 0 | AJ22: =COUNTIF(B22:AF22,"M") -> 0 | AK22: =COUNTIF(B22:AF22,"U") -> 0
... A35: Kiran Kumar S | AG35: =SUM(AH35:AK35) -> 0 | AH35: =COUNTIF(B35:AF35,"V")+COUNTIF(B35:AF35,"V1")/2+COUNTIF(B35:AF35,"V2")/2 -> 0 | AI35: =COUNTIF(B35:AF35,"S")+COUNTIF(B35:AF35,"S1")/2+COUNTIF(B35:AF35,"S2")/2 -> 0 | AJ35: =COUNTIF(B35:AF35,"M") -> 0 | AK35: =COUNTIF(B35:AF35,"U") -> 0
A36: Bhalerao, Rachana

Sheet Apr
A1: April
A3: Employee | B3: =IF(B4="","",INDEX({"Sun";"Mon";"Tue";"Wen";"Thu";"Fri";"Sat"},WEEKDAY(B4,1))) -> Wen | C3: =IF(C4="","",INDEX({"Sun";"Mon";"Tue";"Wen";"Thu";"Fri";"Sat"},WEEKDAY(C4,1))) -> Thu | D3: =IF(D4="","",INDEX({"Sun";"Mon";"Tue";"Wen";"Thu";"Fri";"Sat"},WEEKDAY(D4,1))) -> Fri | E3: =IF(E4="","",INDEX({"Sun";"Mon";"Tue";"Wen";"Thu";"Fri";"Sat"},WEEKDAY(E4,1))) -> Sat | F3: =IF(F4="","",INDEX({"Sun";"Mon";"Tue";"Wen";"Thu";"Fri";"Sat"},WEEKDAY(F4,1))) -> Sun | G3: =IF(G4="","",INDEX({"Sun";"Mon";"Tue";"Wen";"Thu";"Fri";"Sat"},WEEKDAY(G4,1))) -> Mon | H3: =IF(H4="","",INDEX({"Sun";"Mon";"Tue";"Wen";"Thu";"Fri";"Sat"},WEEKDAY(H4,1))) -> Tue | I3: =IF(I4="","",INDEX({"Sun";"Mon";"Tue";"Wen";"Thu";"Fri";"Sat"},WEEKDAY(I4,1))) -> Wen | ... AE3: =IF(AE4="","",INDEX({"Sun";"Mon";"Tue";"Wen";"Thu";"Fri";"Sat"},WEEKDAY(AE4,1))) -> Thu | AF3: Total Absence Days | AG3: Total Vacation Leave Days | AH3: Total Sick Leave Days | AI3: Maternity or Paternity | AJ3: Leave without Pay | AL3: Absence Type | AM3: Code
B4: =DATE(Year!$B$2,4,1) -> 46113 | C4: =B4+1 -> 46114 | D4: =C4+1 -> 46115 | E4: =D4+1 -> 46116 | F4: =E4+1 -> 46117 | G4: =F4+1 -> 46118 | H4: =G4+1 -> 46119 | I4: =H4+1 -> 46120 | J4: =I4+1 -> 46121 | ... AE4: =AD4+1 -> 46142
A5: Nitish Kumar | AF5: =SUM(AG5:AJ5) -> 0 | AG5: =COUNTIF(B5:AE5,"V")+COUNTIF(B5:AE5,"V1")/2+COUNTIF(B5:AE5,"V2")/2 -> 0 | AH5: =COUNTIF(B5:AE5,"S")+COUNTIF(B5:AE5,"S1")/2+COUNTIF(B5:AE5,"S2")/2 -> 0 | AI5: =COUNTIF(B5:AE5,"M") -> 0 | AJ5: =COUNTIF(B5:AE5,"U") -> 0 | AL5: PTO | AM5: PT
A6: Bharti Kumari | AF6: =SUM(AG6:AJ6) -> 0 | AG6: =COUNTIF(B6:AE6,"V")+COUNTIF(B6:AE6,"V1")/2+COUNTIF(B6:AE6,"V2")/2 -> 0 | AH6: =COUNTIF(B6:AE6,"S")+COUNTIF(B6:AE6,"S1")/2+COUNTIF(B6:AE6,"S2")/2 -> 0 | AI6: =COUNTIF(B6:AE6,"M") -> 0 | AJ6: =COUNTIF(B6:AE6,"U") -> 0 | AL6: Sick leave/ Emergency leave | AM6: S
A7: Sruthi G | AF7: =SUM(AG7:AJ7) -> 0 | AG7: =COUNTIF(B7:AE7,"V")+COUNTIF(B7:AE7,"V1")/2+COUNTIF(B7:AE7,"V2")/2 -> 0 | AH7: =COUNTIF(B7:AE7,"S")+COUNTIF(B7:AE7,"S1")/2+COUNTIF(B7:AE7,"S2")/2 -> 0 | AI7: =COUNTIF(B7:AE7,"M") -> 0 | AJ7: =COUNTIF(B7:AE7,"U") -> 0 | AL7: Half Day | AM7: H1
A8: Balagopalan, Akhila | AF8: =SUM(AG8:AJ8) -> 0 | AG8: =COUNTIF(B8:AE8,"V")+COUNTIF(B8:AE8,"V1")/2+COUNTIF(B8:AE8,"V2")/2 -> 0 | AH8: =COUNTIF(B8:AE8,"S")+COUNTIF(B8:AE8,"S1")/2+COUNTIF(B8:AE8,"S2")/2 -> 0 | AI8: =COUNTIF(B8:AE8,"M") -> 0 | AJ8: =COUNTIF(B8:AE8,"U") -> 0 | AL8: Maternity/Paternity | AM8: MT
A9: Jagannath Belel | AF9: =SUM(AG9:AJ9) -> 0 | AG9: =COUNTIF(B9:AE9,"V")+COUNTIF(B9:AE9,"V1")/2+COUNTIF(B9:AE9,"V2")/2 -> 0 | AH9: =COUNTIF(B9:AE9,"S")+COUNTIF(B9:AE9,"S1")/2+COUNTIF(B9:AE9,"S2")/2 -> 0 | AI9: =COUNTIF(B9:AE9,"M") -> 0 | AJ9: =COUNTIF(B9:AE9,"U") -> 0 | AL9: Firm Holiday | AM9: FH
A10: Sanchi Yadav | AF10: =SUM(AG10:AJ10) -> 0 | AG10: =COUNTIF(B10:AE10,"V")+COUNTIF(B10:AE10,"V1")/2+COUNTIF(B10:AE10,"V2")/2 -> 0 | AH10: =COUNTIF(B10:AE10,"S")+COUNTIF(B10:AE10,"S1")/2+COUNTIF(B10:AE10,"S2")/2 -> 0 | AI10: =COUNTIF(B10:AE10,"M") -> 0 | AJ10: =COUNTIF(B10:AE10,"U") -> 0 | AL10: Leave without Pay | AM10: U
A11: Gollapudi, Gireesh | AF11: =SUM(AG11:AJ11) -> 0 | AG11: =COUNTIF(B11:AE11,"V")+COUNTIF(B11:AE11,"V1")/2+COUNTIF(B11:AE11,"V2")/2 -> 0 | AH11: =COUNTIF(B11:AE11,"S")+COUNTIF(B11:AE11,"S1")/2+COUNTIF(B11:AE11,"S2")/2 -> 0 | AI11: =COUNTIF(B11:AE11,"M") -> 0 | AJ11: =COUNTIF(B11:AE11,"U") -> 0
A12: Rachana, Golla | AF12: =SUM(AG12:AJ12) -> 0 | AG12: =COUNTIF(B12:AE12,"V")+COUNTIF(B12:AE12,"V1")/2+COUNTIF(B12:AE12,"V2")/2 -> 0 | AH12: =COUNTIF(B12:AE12,"S")+COUNTIF(B12:AE12,"S1")/2+COUNTIF(B12:AE12,"S2")/2 -> 0 | AI12: =COUNTIF(B12:AE12,"M") -> 0 | AJ12: =COUNTIF(B12:AE12,"U") -> 0
A13: Parth Zalavadia | AF13: =SUM(AG13:AJ13) -> 0 | AG13: =COUNTIF(B13:AE13,"V")+COUNTIF(B13:AE13,"V1")/2+COUNTIF(B13:AE13,"V2")/2 -> 0 | AH13: =COUNTIF(B13:AE13,"S")+COUNTIF(B13:AE13,"S1")/2+COUNTIF(B13:AE13,"S2")/2 -> 0 | AI13: =COUNTIF(B13:AE13,"M") -> 0 | AJ13: =COUNTIF(B13:AE13,"U") -> 0
A14: Harshit Malpani | AF14: =SUM(AG14:AJ14) -> 0 | AG14: =COUNTIF(B14:AE14,"V")+COUNTIF(B14:AE14,"V1")/2+COUNTIF(B14:AE14,"V2")/2 -> 0 | AH14: =COUNTIF(B14:AE14,"S")+COUNTIF(B14:AE14,"S1")/2+COUNTIF(B14:AE14,"S2")/2 -> 0 | AI14: =COUNTIF(B14:AE14,"M") -> 0 | AJ14: =COUNTIF(B14:AE14,"U") -> 0
A15: Friendsis Rai | AF15: =SUM(AG15:AJ15) -> 0 | AG15: =COUNTIF(B15:AE15,"V")+COUNTIF(B15:AE15,"V1")/2+COUNTIF(B15:AE15,"V2")/2 -> 0 | AH15: =COUNTIF(B15:AE15,"S")+COUNTIF(B15:AE15,"S1")/2+COUNTIF(B15:AE15,"S2")/2 -> 0 | AI15: =COUNTIF(B15:AE15,"M") -> 0 | AJ15: =COUNTIF(B15:AE15,"U") -> 0
A16: Divya Maheshwari | AF16: =SUM(AG16:AJ16) -> 0 | AG16: =COUNTIF(B16:AE16,"V")+COUNTIF(B16:AE16,"V1")/2+COUNTIF(B16:AE16,"V2")/2 -> 0 | AH16: =COUNTIF(B16:AE16,"S")+COUNTIF(B16:AE16,"S1")/2+COUNTIF(B16:AE16,"S2")/2 -> 0 | AI16: =COUNTIF(B16:AE16,"M") -> 0 | AJ16: =COUNTIF(B16:AE16,"U") -> 0
A17: Ujjwal Waikar | AF17: =SUM(AG17:AJ17) -> 0 | AG17: =COUNTIF(B17:AE17,"V")+COUNTIF(B17:AE17,"V1")/2+COUNTIF(B17:AE17,"V2")/2 -> 0 | AH17: =COUNTIF(B17:AE17,"S")+COUNTIF(B17:AE17,"S1")/2+COUNTIF(B17:AE17,"S2")/2 -> 0 | AI17: =COUNTIF(B17:AE17,"M") -> 0 | AJ17: =COUNTIF(B17:AE17,"U") -> 0
A18: Rajitha D | AF18: =SUM(AG18:AJ18) -> 0 | AG18: =COUNTIF(B18:AE18,"V")+COUNTIF(B18:AE18,"V1")/2+COUNTIF(B18:AE18,"V2")/2 -> 0 | AH18: =COUNTIF(B18:AE18,"S")+COUNTIF(B18:AE18,"S1")/2+COUNTIF(B18:AE18,"S2")/2 -> 0 | AI18: =COUNTIF(B18:AE18,"M") -> 0 | AJ18: =COUNTIF(B18:AE18,"U") -> 0
A19: Lavleen Kaur | AF19: =SUM(AG19:AJ19) -> 0 | AG19: =COUNTIF(B19:AE19,"V")+COUNTIF(B19:AE19,"V1")/2+COUNTIF(B19:AE19,"V2")/2 -> 0 | AH19: =COUNTIF(B19:AE19,"S")+COUNTIF(B19:AE19,"S1")/2+COUNTIF(B19:AE19,"S2")/2 -> 0 | AI19: =COUNTIF(B19:AE19,"M") -> 0 | AJ19: =COUNTIF(B19:AE19,"U") -> 0
A20: Sanjay Singhal | AF20: =SUM(AG20:AJ20) -> 0 | AG20: =COUNTIF(B20:AE20,"V")+COUNTIF(B20:AE20,"V1")/2+COUNTIF(B20:AE20,"V2")/2 -> 0 | AH20: =COUNTIF(B20:AE20,"S")+COUNTIF(B20:AE20,"S1")/2+COUNTIF(B20:AE20,"S2")/2 -> 0 | AI20: =COUNTIF(B20:AE20,"M") -> 0 | AJ20: =COUNTIF(B20:AE20,"U") -> 0
A21: Robin Babu | AF21: =SUM(AG21:AJ21) -> 0 | AG21: =COUNTIF(B21:AE21,"V")+COUNTIF(B21:AE21,"V1")/2+COUNTIF(B21:AE21,"V2")/2 -> 0 | AH21: =COUNTIF(B21:AE21,"S")+COUNTIF(B21:AE21,"S1")/2+COUNTIF(B21:AE21,"S2")/2 -> 0 | AI21: =COUNTIF(B21:AE21,"M") -> 0 | AJ21: =COUNTIF(B21:AE21,"U") -> 0
A22: Pavani B Raj | AF22: =SUM(AG22:AJ22) -> 0 | AG22: =COUNTIF(B22:AE22,"V")+COUNTIF(B22:AE22,"V1")/2+COUNTIF(B22:AE22,"V2")/2 -> 0 | AH22: =COUNTIF(B22:AE22,"S")+COUNTIF(B22:AE22,"S1")/2+COUNTIF(B22:AE22,"S2")/2 -> 0 | AI22: =COUNTIF(B22:AE22,"M") -> 0 | AJ22: =COUNTIF(B22:AE22,"U") -> 0
... A35: Bhalerao, Rachana | AF35: =SUM(AG35:AJ35) -> 0 | AG35: =COUNTIF(B35:AE35,"V")+COUNTIF(B35:AE35,"V1")/2+COUNTIF(B35:AE35,"V2")/2 -> 0 | AH35: =COUNTIF(B35:AE35,"S")+COUNTIF(B35:AE35,"S1")/2+COUNTIF(B35:AE35,"S2")/2 -> 0 | AI35: =COUNTIF(B35:AE35,"M") -> 0 | AJ35: =COUNTIF(B35:AE35,"U") -> 0
AF36: =SUM(AG36:AJ36) -> 0 | AG36: =COUNTIF(B36:AE36,"V")+COUNTIF(B36:AE36,"V1")/2+COUNTIF(B36:AE36,"V2")/2 -> 0 | AH36: =COUNTIF(B36:AE36,"S")+COUNTIF(B36:AE36,"S1")/2+COUNTIF(B36:AE36,"S2")/2 -> 0 | AI36: =COUNTIF(B36:AE36,"M") -> 0 | AJ36: =COUNTIF(B36:AE36,"U") -> 0
AF37: =SUM(AG37:AJ37) -> 0 | AG37: =COUNTIF(B37:AE37,"V")+COUNTIF(B37:AE37,"V1")/2+COUNTIF(B37:AE37,"V2")/2 -> 0 | AH37: =COUNTIF(B37:AE37,"S")+COUNTIF(B37:AE37,"S1")/2+COUNTIF(B37:AE37,"S2")/2 -> 0 | AI37: =COUNTIF(B37:AE37,"M") -> 0 | AJ37: =COUNTIF(B37:AE37,"U") -> 0

Sheet May
A1: May
A3: Employee | B3: =IF(B4="","",INDEX({"Sun";"Mon";"Tue";"Wen";"Thu";"Fri";"Sat"},WEEKDAY(B4,1))) -> Fri | C3: =IF(C4="","",INDEX({"Sun";"Mon";"Tue";"Wen";"Thu";"Fri";"Sat"},WEEKDAY(C4,1))) -> Sat | D3: =IF(D4="","",INDEX({"Sun";"Mon";"Tue";"Wen";"Thu";"Fri";"Sat"},WEEKDAY(D4,1))) -> Sun | E3: =IF(E4="","",INDEX({"Sun";"Mon";"Tue";"Wen";"Thu";"Fri";"Sat"},WEEKDAY(E4,1))) -> Mon | F3: =IF(F4="","",INDEX({"Sun";"Mon";"Tue";"Wen";"Thu";"Fri";"Sat"},WEEKDAY(F4,1))) -> Tue | G3: =IF(G4="","",INDEX({"Sun";"Mon";"Tue";"Wen";"Thu";"Fri";"Sat"},WEEKDAY(G4,1))) -> Wen | H3: =IF(H4="","",INDEX({"Sun";"Mon";"Tue";"Wen";"Thu";"Fri";"Sat"},WEEKDAY(H4,1))) -> Thu | I3: =IF(I4="","",INDEX({"Sun";"Mon";"Tue";"Wen";"Thu";"Fri";"Sat"},WEEKDAY(I4,1))) -> Fri | ... AF3: =IF(AF4="","",INDEX({"Sun";"Mon";"Tue";"Wen";"Thu";"Fri";"Sat"},WEEKDAY(AF4,1))) -> Sun | AG3: Total Absence Days | AH3: Total Vacation Leave Days | AI3: Total Sick Leave Days | AJ3: Maternity or Paternity | AK3: Leave without Pay | AM3: Absence Type | AN3: Code
B4: =DATE(Year!$B$2,5,1) -> 46143 | C4: =B4+1 -> 46144 | D4: =C4+1 -> 46145 | E4: =D4+1 -> 46146 | F4: =E4+1 -> 46147 | G4: =F4+1 -> 46148 | H4: =G4+1 -> 46149 | I4: =H4+1 -> 46150 | J4: =I4+1 -> 46151 | ... AF4: =AE4+1 -> 46173
A5: Nitish Kumar | AG5: =SUM(AH5:AK5) -> 0 | AH5: =COUNTIF(B5:AF5,"V")+COUNTIF(B5:AF5,"V1")/2+COUNTIF(B5:AF5,"V2")/2 -> 0 | AI5: =COUNTIF(B5:AF5,"S")+COUNTIF(B5:AF5,"S1")/2+COUNTIF(B5:AF5,"S2")/2 -> 0 | AJ5: =COUNTIF(B5:AF5,"M") -> 0 | AK5: =COUNTIF(B5:AF5,"U") -> 0 | AM5: PTO | AN5: PT
A6: Bharti Kumari | AG6: =SUM(AH6:AK6) -> 0 | AH6: =COUNTIF(B6:AF6,"V")+COUNTIF(B6:AF6,"V1")/2+COUNTIF(B6:AF6,"V2")/2 -> 0 | AI6: =COUNTIF(B6:AF6,"S")+COUNTIF(B6:AF6,"S1")/2+COUNTIF(B6:AF6,"S2")/2 -> 0 | AJ6: =COUNTIF(B6:AF6,"M") -> 0 | AK6: =COUNTIF(B6:AF6,"U") -> 0 | AM6: Sick leave/ Emergency leave | AN6: S
A7: Sruthi G | AG7: =SUM(AH7:AK7) -> 0 | AH7: =COUNTIF(B7:AF7,"V")+COUNTIF(B7:AF7,"V1")/2+COUNTIF(B7:AF7,"V2")/2 -> 0 | AI7: =COUNTIF(B7:AF7,"S")+COUNTIF(B7:AF7,"S1")/2+COUNTIF(B7:AF7,"S2")/2 -> 0 | AJ7: =COUNTIF(B7:AF7,"M") -> 0 | AK7: =COUNTIF(B7:AF7,"U") -> 0 | AM7: Half Day | AN7: H1
A8: Balagopalan, Akhila | AG8: =SUM(AH8:AK8) -> 0 | AH8: =COUNTIF(B8:AF8,"V")+COUNTIF(B8:AF8,"V1")/2+COUNTIF(B8:AF8,"V2")/2 -> 0 | AI8: =COUNTIF(B8:AF8,"S")+COUNTIF(B8:AF8,"S1")/2+COUNTIF(B8:AF8,"S2")/2 -> 0 | AJ8: =COUNTIF(B8:AF8,"M") -> 0 | AK8: =COUNTIF(B8:AF8,"U") -> 0 | AM8: Maternity/Paternity | AN8: MT
A9: Jagannath Belel | AG9: =SUM(AH9:AK9) -> 0 | AH9: =COUNTIF(B9:AF9,"V")+COUNTIF(B9:AF9,"V1")/2+COUNTIF(B9:AF9,"V2")/2 -> 0 | AI9: =COUNTIF(B9:AF9,"S")+COUNTIF(B9:AF9,"S1")/2+COUNTIF(B9:AF9,"S2")/2 -> 0 | AJ9: =COUNTIF(B9:AF9,"M") -> 0 | AK9: =COUNTIF(B9:AF9,"U") -> 0 | AM9: Firm Holiday | AN9: FH
A10: Sanchi Yadav | AG10: =SUM(AH10:AK10) -> 0 | AH10: =COUNTIF(B10:AF10,"V")+COUNTIF(B10:AF10,"V1")/2+COUNTIF(B10:AF10,"V2")/2 -> 0 | AI10: =COUNTIF(B10:AF10,"S")+COUNTIF(B10:AF10,"S1")/2+COUNTIF(B10:AF10,"S2")/2 -> 0 | AJ10: =COUNTIF(B10:AF10,"M") -> 0 | AK10: =COUNTIF(B10:AF10,"U") -> 0 | AM10: Leave without Pay | AN10: U
A11: Gollapudi, Gireesh | AG11: =SUM(AH11:AK11) -> 0 | AH11: =COUNTIF(B11:AF11,"V")+COUNTIF(B11:AF11,"V1")/2+COUNTIF(B11:AF11,"V2")/2 -> 0 | AI11: =COUNTIF(B11:AF11,"S")+COUNTIF(B11:AF11,"S1")/2+COUNTIF(B11:AF11,"S2")/2 -> 0 | AJ11: =COUNTIF(B11:AF11,"M") -> 0 | AK11: =COUNTIF(B11:AF11,"U") -> 0
A12: Rachana, Golla | AG12: =SUM(AH12:AK12) -> 0 | AH12: =COUNTIF(B12:AF12,"V")+COUNTIF(B12:AF12,"V1")/2+COUNTIF(B12:AF12,"V2")/2 -> 0 | AI12: =COUNTIF(B12:AF12,"S")+COUNTIF(B12:AF12,"S1")/2+COUNTIF(B12:AF12,"S2")/2 -> 0 | AJ12: =COUNTIF(B12:AF12,"M") -> 0 | AK12: =COUNTIF(B12:AF12,"U") -> 0
A13: Parth Zalavadia | AG13: =SUM(AH13:AK13) -> 0 | AH13: =COUNTIF(B13:AF13,"V")+COUNTIF(B13:AF13,"V1")/2+COUNTIF(B13:AF13,"V2")/2 -> 0 | AI13: =COUNTIF(B13:AF13,"S")+COUNTIF(B13:AF13,"S1")/2+COUNTIF(B13:AF13,"S2")/2 -> 0 | AJ13: =COUNTIF(B13:AF13,"M") -> 0 | AK13: =COUNTIF(B13:AF13,"U") -> 0
A14: Harshit Malpani | AG14: =SUM(AH14:AK14) -> 0 | AH14: =COUNTIF(B14:AF14,"V")+COUNTIF(B14:AF14,"V1")/2+COUNTIF(B14:AF14,"V2")/2 -> 0 | AI14: =COUNTIF(B14:AF14,"S")+COUNTIF(B14:AF14,"S1")/2+COUNTIF(B14:AF14,"S2")/2 -> 0 | AJ14: =COUNTIF(B14:AF14,"M") -> 0 | AK14: =COUNTIF(B14:AF14,"U") -> 0
A15: Friendsis Rai | AG15: =SUM(AH15:AK15) -> 0 | AH15: =COUNTIF(B15:AF15,"V")+COUNTIF(B15:AF15,"V1")/2+COUNTIF(B15:AF15,"V2")/2 -> 0 | AI15: =COUNTIF(B15:AF15,"S")+COUNTIF(B15:AF15,"S1")/2+COUNTIF(B15:AF15,"S2")/2 -> 0 | AJ15: =COUNTIF(B15:AF15,"M") -> 0 | AK15: =COUNTIF(B15:AF15,"U") -> 0
A16: Divya Maheshwari | AG16: =SUM(AH16:AK16) -> 0 | AH16: =COUNTIF(B16:AF16,"V")+COUNTIF(B16:AF16,"V1")/2+COUNTIF(B16:AF16,"V2")/2 -> 0 | AI16: =COUNTIF(B16:AF16,"S")+COUNTIF(B16:AF16,"S1")/2+COUNTIF(B16:AF16,"S2")/2 -> 0 | AJ16: =COUNTIF(B16:AF16,"M") -> 0 | AK16: =COUNTIF(B16:AF16,"U") -> 0
A17: Ujjwal Waikar | AG17: =SUM(AH17:AK17) -> 0 | AH17: =COUNTIF(B17:AF17,"V")+COUNTIF(B17:AF17,"V1")/2+COUNTIF(B17:AF17,"V2")/2 -> 0 | AI17: =COUNTIF(B17:AF17,"S")+COUNTIF(B17:AF17,"S1")/2+COUNTIF(B17:AF17,"S2")/2 -> 0 | AJ17: =COUNTIF(B17:AF17,"M") -> 0 | AK17: =COUNTIF(B17:AF17,"U") -> 0
A18: Rajitha D | AG18: =SUM(AH18:AK18) -> 0 | AH18: =COUNTIF(B18:AF18,"V")+COUNTIF(B18:AF18,"V1")/2+COUNTIF(B18:AF18,"V2")/2 -> 0 | AI18: =COUNTIF(B18:AF18,"S")+COUNTIF(B18:AF18,"S1")/2+COUNTIF(B18:AF18,"S2")/2 -> 0 | AJ18: =COUNTIF(B18:AF18,"M") -> 0 | AK18: =COUNTIF(B18:AF18,"U") -> 0
A19: Lavleen Kaur | AG19: =SUM(AH19:AK19) -> 0 | AH19: =COUNTIF(B19:AF19,"V")+COUNTIF(B19:AF19,"V1")/2+COUNTIF(B19:AF19,"V2")/2 -> 0 | AI19: =COUNTIF(B19:AF19,"S")+COUNTIF(B19:AF19,"S1")/2+COUNTIF(B19:AF19,"S2")/2 -> 0 | AJ19: =COUNTIF(B19:AF19,"M") -> 0 | AK19: =COUNTIF(B19:AF19,"U") -> 0
A20: Sanjay Singhal | AG20: =SUM(AH20:AK20) -> 0 | AH20: =COUNTIF(B20:AF20,"V")+COUNTIF(B20:AF20,"V1")/2+COUNTIF(B20:AF20,"V2")/2 -> 0 | AI20: =COUNTIF(B20:AF20,"S")+COUNTIF(B20:AF20,"S1")/2+COUNTIF(B20:AF20,"S2")/2 -> 0 | AJ20: =COUNTIF(B20:AF20,"M") -> 0 | AK20: =COUNTIF(B20:AF20,"U") -> 0
A21: Robin Babu | AG21: =SUM(AH21:AK21) -> 0 | AH21: =COUNTIF(B21:AF21,"V")+COUNTIF(B21:AF21,"V1")/2+COUNTIF(B21:AF21,"V2")/2 -> 0 | AI21: =COUNTIF(B21:AF21,"S")+COUNTIF(B21:AF21,"S1")/2+COUNTIF(B21:AF21,"S2")/2 -> 0 | AJ21: =COUNTIF(B21:AF21,"M") -> 0 | AK21: =COUNTIF(B21:AF21,"U") -> 0
A22: Pavani B Raj | AG22: =SUM(AH22:AK22) -> 0 | AH22: =COUNTIF(B22:AF22,"V")+COUNTIF(B22:AF22,"V1")/2+COUNTIF(B22:AF22,"V2")/2 -> 0 | AI22: =COUNTIF(B22:AF22,"S")+COUNTIF(B22:AF22,"S1")/2+COUNTIF(B22:AF22,"S2")/2 -> 0 | AJ22: =COUNTIF(B22:AF22,"M") -> 0 | AK22: =COUNTIF(B22:AF22,"U") -> 0
... A35: Bhalerao, Rachana | AG35: =SUM(AH35:AK35) -> 0 | AH35: =COUNTIF(B35:AF35,"V")+COUNTIF(B35:AF35,"V1")/2+COUNTIF(B35:AF35,"V2")/2 -> 0 | AI35: =COUNTIF(B35:AF35,"S")+COUNTIF(B35:AF35,"S1")/2+COUNTIF(B35:AF35,"S2")/2 -> 0 | AJ35: =COUNTIF(B35:AF35,"M") -> 0 | AK35: =COUNTIF(B35:AF35,"U") -> 0

Sheet Jun
A1: June
A3: Employee | B3: =IF(B4="","",INDEX({"Sun";"Mon";"Tue";"Wen";"Thu";"Fri";"Sat"},WEEKDAY(B4,1))) -> Mon | C3: =IF(C4="","",INDEX({"Sun";"Mon";"Tue";"Wen";"Thu";"Fri";"Sat"},WEEKDAY(C4,1))) -> Tue | D3: =IF(D4="","",INDEX({"Sun";"Mon";"Tue";"Wen";"Thu";"Fri";"Sat"},WEEKDAY(D4,1))) -> Wen | E3: =IF(E4="","",INDEX({"Sun";"Mon";"Tue";"Wen";"Thu";"Fri";"Sat"},WEEKDAY(E4,1))) -> Thu | F3: =IF(F4="","",INDEX({"Sun";"Mon";"Tue";"Wen";"Thu";"Fri";"Sat"},WEEKDAY(F4,1))) -> Fri | G3: =IF(G4="","",INDEX({"Sun";"Mon";"Tue";"Wen";"Thu";"Fri";"Sat"},WEEKDAY(G4,1))) -> Sat | H3: =IF(H4="","",INDEX({"Sun";"Mon";"Tue";"Wen";"Thu";"Fri";"Sat"},WEEKDAY(H4,1))) -> Sun | I3: =IF(I4="","",INDEX({"Sun";"Mon";"Tue";"Wen";"Thu";"Fri";"Sat"},WEEKDAY(I4,1))) -> Mon | ... AE3: =IF(AE4="","",INDEX({"Sun";"Mon";"Tue";"Wen";"Thu";"Fri";"Sat"},WEEKDAY(AE4,1))) -> Tue | AF3: Total Absence Days | AG3: Total Vacation Leave Days | AH3: Total Sick Leave Days | AI3: Maternity or Paternity | AJ3: Leave without Pay | AL3: Absence Type | AM3: Code
B4: =DATE(Year!$B$2,6,1) -> 46174 | C4: =B4+1 -> 46175 | D4: =C4+1 -> 46176 | E4: =D4+1 -> 46177 | F4: =E4+1 -> 46178 | G4: =F4+1 -> 46179 | H4: =G4+1 -> 46180 | I4: =H4+1 -> 46181 | J4: =I4+1 -> 46182 | ... AE4: =AD4+1 -> 46203
A5: Nitish Kumar | AF5: =SUM(AG5:AJ5) -> 0 | AG5: =COUNTIF(B5:AE5,"V")+COUNTIF(B5:AE5,"V1")/2+COUNTIF(B5:AE5,"V2")/2 -> 0 | AH5: =COUNTIF(B5:AE5,"S")+COUNTIF(B5:AE5,"S1")/2+COUNTIF(B5:AE5,"S2")/2 -> 0 | AI5: =COUNTIF(B5:AE5,"M") -> 0 | AJ5: =COUNTIF(B5:AE5,"U") -> 0 | AL5: PTO | AM5: PT
A6: Bharti Kumari | AF6: =SUM(AG6:AJ6) -> 0 | AG6: =COUNTIF(B6:AE6,"V")+COUNTIF(B6:AE6,"V1")/2+COUNTIF(B6:AE6,"V2")/2 -> 0 | AH6: =COUNTIF(B6:AE6,"S")+COUNTIF(B6:AE6,"S1")/2+COUNTIF(B6:AE6,"S2")/2 -> 0 | AI6: =COUNTIF(B6:AE6,"M") -> 0 | AJ6: =COUNTIF(B6:AE6,"U") -> 0 | AL6: Sick leave/ Emergency leave | AM6: S
A7: Sruthi G | AF7: =SUM(AG7:AJ7) -> 0 | AG7: =COUNTIF(B7:AE7,"V")+COUNTIF(B7:AE7,"V1")/2+COUNTIF(B7:AE7,"V2")/2 -> 0 | AH7: =COUNTIF(B7:AE7,"S")+COUNTIF(B7:AE7,"S1")/2+COUNTIF(B7:AE7,"S2")/2 -> 0 | AI7: =COUNTIF(B7:AE7,"M") -> 0 | AJ7: =COUNTIF(B7:AE7,"U") -> 0 | AL7: Half Day | AM7: H1
A8: Balagopalan, Akhila | AF8: =SUM(AG8:AJ8) -> 0 | AG8: =COUNTIF(B8:AE8,"V")+COUNTIF(B8:AE8,"V1")/2+COUNTIF(B8:AE8,"V2")/2 -> 0 | AH8: =COUNTIF(B8:AE8,"S")+COUNTIF(B8:AE8,"S1")/2+COUNTIF(B8:AE8,"S2")/2 -> 0 | AI8: =COUNTIF(B8:AE8,"M") -> 0 | AJ8: =COUNTIF(B8:AE8,"U") -> 0 | AL8: Maternity/Paternity | AM8: MT
A9: Jagannath Belel | AF9: =SUM(AG9:AJ9) -> 0 | AG9: =COUNTIF(B9:AE9,"V")+COUNTIF(B9:AE9,"V1")/2+COUNTIF(B9:AE9,"V2")/2 -> 0 | AH9: =COUNTIF(B9:AE9,"S")+COUNTIF(B9:AE9,"S1")/2+COUNTIF(B9:AE9,"S2")/2 -> 0 | AI9: =COUNTIF(B9:AE9,"M") -> 0 | AJ9: =COUNTIF(B9:AE9,"U") -> 0 | AL9: Firm Holiday | AM9: FH
A10: Sanchi Yadav | AF10: =SUM(AG10:AJ10) -> 0 | AG10: =COUNTIF(B10:AE10,"V")+COUNTIF(B10:AE10,"V1")/2+COUNTIF(B10:AE10,"V2")/2 -> 0 | AH10: =COUNTIF(B10:AE10,"S")+COUNTIF(B10:AE10,"S1")/2+COUNTIF(B10:AE10,"S2")/2 -> 0 | AI10: =COUNTIF(B10:AE10,"M") -> 0 | AJ10: =COUNTIF(B10:AE10,"U") -> 0 | AL10: Leave without Pay | AM10: U
A11: Gollapudi, Gireesh | AF11: =SUM(AG11:AJ11) -> 0 | AG11: =COUNTIF(B11:AE11,"V")+COUNTIF(B11:AE11,"V1")/2+COUNTIF(B11:AE11,"V2")/2 -> 0 | AH11: =COUNTIF(B11:AE11,"S")+COUNTIF(B11:AE11,"S1")/2+COUNTIF(B11:AE11,"S2")/2 -> 0 | AI11: =COUNTIF(B11:AE11,"M") -> 0 | AJ11: =COUNTIF(B11:AE11,"U") -> 0
A12: Rachana, Golla | AF12: =SUM(AG12:AJ12) -> 0 | AG12: =COUNTIF(B12:AE12,"V")+COUNTIF(B12:AE12,"V1")/2+COUNTIF(B12:AE12,"V2")/2 -> 0 | AH12: =COUNTIF(B12:AE12,"S")+COUNTIF(B12:AE12,"S1")/2+COUNTIF(B12:AE12,"S2")/2 -> 0 | AI12: =COUNTIF(B12:AE12,"M") -> 0 | AJ12: =COUNTIF(B12:AE12,"U") -> 0
A13: Parth Zalavadia | AF13: =SUM(AG13:AJ13) -> 0 | AG13: =COUNTIF(B13:AE13,"V")+COUNTIF(B13:AE13,"V1")/2+COUNTIF(B13:AE13,"V2")/2 -> 0 | AH13: =COUNTIF(B13:AE13,"S")+COUNTIF(B13:AE13,"S1")/2+COUNTIF(B13:AE13,"S2")/2 -> 0 | AI13: =COUNTIF(B13:AE13,"M") -> 0 | AJ13: =COUNTIF(B13:AE13,"U") -> 0
A14: Harshit Malpani | AF14: =SUM(AG14:AJ14) -> 0 | AG14: =COUNTIF(B14:AE14,"V")+COUNTIF(B14:AE14,"V1")/2+COUNTIF(B14:AE14,"V2")/2 -> 0 | AH14: =COUNTIF(B14:AE14,"S")+COUNTIF(B14:AE14,"S1")/2+COUNTIF(B14:AE14,"S2")/2 -> 0 | AI14: =COUNTIF(B14:AE14,"M") -> 0 | AJ14: =COUNTIF(B14:AE14,"U") -> 0
A15: Friendsis Rai | AF15: =SUM(AG15:AJ15) -> 0 | AG15: =COUNTIF(B15:AE15,"V")+COUNTIF(B15:AE15,"V1")/2+COUNTIF(B15:AE15,"V2")/2 -> 0 | AH15: =COUNTIF(B15:AE15,"S")+COUNTIF(B15:AE15,"S1")/2+COUNTIF(B15:AE15,"S2")/2 -> 0 | AI15: =COUNTIF(B15:AE15,"M") -> 0 | AJ15: =COUNTIF(B15:AE15,"U") -> 0
A16: Divya Maheshwari | AF16: =SUM(AG16:AJ16) -> 0 | AG16: =COUNTIF(B16:AE16,"V")+COUNTIF(B16:AE16,"V1")/2+COUNTIF(B16:AE16,"V2")/2 -> 0 | AH16: =COUNTIF(B16:AE16,"S")+COUNTIF(B16:AE16,"S1")/2+COUNTIF(B16:AE16,"S2")/2 -> 0 | AI16: =COUNTIF(B16:AE16,"M") -> 0 | AJ16: =COUNTIF(B16:AE16,"U") -> 0
A17: Ujjwal Waikar | AF17: =SUM(AG17:AJ17) -> 0 | AG17: =COUNTIF(B17:AE17,"V")+COUNTIF(B17:AE17,"V1")/2+COUNTIF(B17:AE17,"V2")/2 -> 0 | AH17: =COUNTIF(B17:AE17,"S")+COUNTIF(B17:AE17,"S1")/2+COUNTIF(B17:AE17,"S2")/2 -> 0 | AI17: =COUNTIF(B17:AE17,"M") -> 0 | AJ17: =COUNTIF(B17:AE17,"U") -> 0
A18: Rajitha D | AF18: =SUM(AG18:AJ18) -> 0 | AG18: =COUNTIF(B18:AE18,"V")+COUNTIF(B18:AE18,"V1")/2+COUNTIF(B18:AE18,"V2")/2 -> 0 | AH18: =COUNTIF(B18:AE18,"S")+COUNTIF(B18:AE18,"S1")/2+COUNTIF(B18:AE18,"S2")/2 -> 0 | AI18: =COUNTIF(B18:AE18,"M") -> 0 | AJ18: =COUNTIF(B18:AE18,"U") -> 0
A19: Lavleen Kaur | AF19: =SUM(AG19:AJ19) -> 0 | AG19: =COUNTIF(B19:AE19,"V")+COUNTIF(B19:AE19,"V1")/2+COUNTIF(B19:AE19,"V2")/2 -> 0 | AH19: =COUNTIF(B19:AE19,"S")+COUNTIF(B19:AE19,"S1")/2+COUNTIF(B19:AE19,"S2")/2 -> 0 | AI19: =COUNTIF(B19:AE19,"M") -> 0 | AJ19: =COUNTIF(B19:AE19,"U") -> 0
A20: Sanjay Singhal | AF20: =SUM(AG20:AJ20) -> 0 | AG20: =COUNTIF(B20:AE20,"V")+COUNTIF(B20:AE20,"V1")/2+COUNTIF(B20:AE20,"V2")/2 -> 0 | AH20: =COUNTIF(B20:AE20,"S")+COUNTIF(B20:AE20,"S1")/2+COUNTIF(B20:AE20,"S2")/2 -> 0 | AI20: =COUNTIF(B20:AE20,"M") -> 0 | AJ20: =COUNTIF(B20:AE20,"U") -> 0
A21: Robin Babu | AF21: =SUM(AG21:AJ21) -> 0 | AG21: =COUNTIF(B21:AE21,"V")+COUNTIF(B21:AE21,"V1")/2+COUNTIF(B21:AE21,"V2")/2 -> 0 | AH21: =COUNTIF(B21:AE21,"S")+COUNTIF(B21:AE21,"S1")/2+COUNTIF(B21:AE21,"S2")/2 -> 0 | AI21: =COUNTIF(B21:AE21,"M") -> 0 | AJ21: =COUNTIF(B21:AE21,"U") -> 0
A22: Pavani B Raj | AF22: =SUM(AG22:AJ22) -> 0 | AG22: =COUNTIF(B22:AE22,"V")+COUNTIF(B22:AE22,"V1")/2+COUNTIF(B22:AE22,"V2")/2 -> 0 | AH22: =COUNTIF(B22:AE22,"S")+COUNTIF(B22:AE22,"S1")/2+COUNTIF(B22:AE22,"S2")/2 -> 0 | AI22: =COUNTIF(B22:AE22,"M") -> 0 | AJ22: =COUNTIF(B22:AE22,"U") -> 0
... A35: Bhalerao, Rachana | AF35: =SUM(AG35:AJ35) -> 0 | AG35: =COUNTIF(B35:AE35,"V")+COUNTIF(B35:AE35,"V1")/2+COUNTIF(B35:AE35,"V2")/2 -> 0 | AH35: =COUNTIF(B35:AE35,"S")+COUNTIF(B35:AE35,"S1")/2+COUNTIF(B35:AE35,"S2")/2 -> 0 | AI35: =COUNTIF(B35:AE35,"M") -> 0 | AJ35: =COUNTIF(B35:AE35,"U") -> 0

Sheet Jul
A1: July
A3: Employee | B3: =IF(B4="","",INDEX({"Sun";"Mon";"Tue";"Wen";"Thu";"Fri";"Sat"},WEEKDAY(B4,1))) -> Wen | C3: =IF(C4="","",INDEX({"Sun";"Mon";"Tue";"Wen";"Thu";"Fri";"Sat"},WEEKDAY(C4,1))) -> Thu | D3: =IF(D4="","",INDEX({"Sun";"Mon";"Tue";"Wen";"Thu";"Fri";"Sat"},WEEKDAY(D4,1))) -> Fri | E3: =IF(E4="","",INDEX({"Sun";"Mon";"Tue";"Wen";"Thu";"Fri";"Sat"},WEEKDAY(E4,1))) -> Sat | F3: =IF(F4="","",INDEX({"Sun";"Mon";"Tue";"Wen";"Thu";"Fri";"Sat"},WEEKDAY(F4,1))) -> Sun | G3: =IF(G4="","",INDEX({"Sun";"Mon";"Tue";"Wen";"Thu";"Fri";"Sat"},WEEKDAY(G4,1))) -> Mon | H3: =IF(H4="","",INDEX({"Sun";"Mon";"Tue";"Wen";"Thu";"Fri";"Sat"},WEEKDAY(H4,1))) -> Tue | I3: =IF(I4="","",INDEX({"Sun";"Mon";"Tue";"Wen";"Thu";"Fri";"Sat"},WEEKDAY(I4,1))) -> Wen | ... AF3: =IF(AF4="","",INDEX({"Sun";"Mon";"Tue";"Wen";"Thu";"Fri";"Sat"},WEEKDAY(AF4,1))) -> Fri | AG3: Total Absence Days | AH3: Total Vacation Leave Days | AI3: Total Sick Leave Days | AJ3: Maternity or Paternity | AK3: Leave without Pay | AM3: Absence Type | AN3: Code
B4: =DATE(Year!$B$2,7,1) -> 46204 | C4: =B4+1 -> 46205 | D4: =C4+1 -> 46206 | E4: =D4+1 -> 46207 | F4: =E4+1 -> 46208 | G4: =F4+1 -> 46209 | H4: =G4+1 -> 46210 | I4: =H4+1 -> 46211 | J4: =I4+1 -> 46212 | ... AF4: =AE4+1 -> 46234
A5: Nitish Kumar | AG5: =SUM(AH5:AK5) -> 0 | AH5: =COUNTIF(B5:AF5,"V")+COUNTIF(B5:AF5,"V1")/2+COUNTIF(B5:AF5,"V2")/2 -> 0 | AI5: =COUNTIF(B5:AF5,"S")+COUNTIF(B5:AF5,"S1")/2+COUNTIF(B5:AF5,"S2")/2 -> 0 | AJ5: =COUNTIF(B5:AF5,"M") -> 0 | AK5: =COUNTIF(B5:AF5,"U") -> 0 | AM5: PTO | AN5: PT
A6: Bharti Kumari | AG6: =SUM(AH6:AK6) -> 0 | AH6: =COUNTIF(B6:AF6,"V")+COUNTIF(B6:AF6,"V1")/2+COUNTIF(B6:AF6,"V2")/2 -> 0 | AI6: =COUNTIF(B6:AF6,"S")+COUNTIF(B6:AF6,"S1")/2+COUNTIF(B6:AF6,"S2")/2 -> 0 | AJ6: =COUNTIF(B6:AF6,"M") -> 0 | AK6: =COUNTIF(B6:AF6,"U") -> 0 | AM6: Sick leave/ Emergency leave | AN6: S
A7: Sruthi G | AG7: =SUM(AH7:AK7) -> 0 | AH7: =COUNTIF(B7:AF7,"V")+COUNTIF(B7:AF7,"V1")/2+COUNTIF(B7:AF7,"V2")/2 -> 0 | AI7: =COUNTIF(B7:AF7,"S")+COUNTIF(B7:AF7,"S1")/2+COUNTIF(B7:AF7,"S2")/2 -> 0 | AJ7: =COUNTIF(B7:AF7,"M") -> 0 | AK7: =COUNTIF(B7:AF7,"U") -> 0 | AM7: Half Day | AN7: H1
A8: Balagopalan, Akhila | AG8: =SUM(AH8:AK8) -> 0 | AH8: =COUNTIF(B8:AF8,"V")+COUNTIF(B8:AF8,"V1")/2+COUNTIF(B8:AF8,"V2")/2 -> 0 | AI8: =COUNTIF(B8:AF8,"S")+COUNTIF(B8:AF8,"S1")/2+COUNTIF(B8:AF8,"S2")/2 -> 0 | AJ8: =COUNTIF(B8:AF8,"M") -> 0 | AK8: =COUNTIF(B8:AF8,"U") -> 0 | AM8: Maternity/Paternity | AN8: MT
A9: Jagannath Belel | AG9: =SUM(AH9:AK9) -> 0 | AH9: =COUNTIF(B9:AF9,"V")+COUNTIF(B9:AF9,"V1")/2+COUNTIF(B9:AF9,"V2")/2 -> 0 | AI9: =COUNTIF(B9:AF9,"S")+COUNTIF(B9:AF9,"S1")/2+COUNTIF(B9:AF9,"S2")/2 -> 0 | AJ9: =COUNTIF(B9:AF9,"M") -> 0 | AK9: =COUNTIF(B9:AF9,"U") -> 0 | AM9: Firm Holiday | AN9: FH
A10: Sanchi Yadav | AG10: =SUM(AH10:AK10) -> 0 | AH10: =COUNTIF(B10:AF10,"V")+COUNTIF(B10:AF10,"V1")/2+COUNTIF(B10:AF10,"V2")/2 -> 0 | AI10: =COUNTIF(B10:AF10,"S")+COUNTIF(B10:AF10,"S1")/2+COUNTIF(B10:AF10,"S2")/2 -> 0 | AJ10: =COUNTIF(B10:AF10,"M") -> 0 | AK10: =COUNTIF(B10:AF10,"U") -> 0 | AM10: Leave without Pay | AN10: U
A11: Gollapudi, Gireesh | AG11: =SUM(AH11:AK11) -> 0 | AH11: =COUNTIF(B11:AF11,"V")+COUNTIF(B11:AF11,"V1")/2+COUNTIF(B11:AF11,"V2")/2 -> 0 | AI11: =COUNTIF(B11:AF11,"S")+COUNTIF(B11:AF11,"S1")/2+COUNTIF(B11:AF11,"S2")/2 -> 0 | AJ11: =COUNTIF(B11:AF11,"M") -> 0 | AK11: =COUNTIF(B11:AF11,"U") -> 0
A12: Rachana, Golla | AG12: =SUM(AH12:AK12) -> 0 | AH12: =COUNTIF(B12:AF12,"V")+COUNTIF(B12:AF12,"V1")/2+COUNTIF(B12:AF12,"V2")/2 -> 0 | AI12: =COUNTIF(B12:AF12,"S")+COUNTIF(B12:AF12,"S1")/2+COUNTIF(B12:AF12,"S2")/2 -> 0 | AJ12: =COUNTIF(B12:AF12,"M") -> 0 | AK12: =COUNTIF(B12:AF12,"U") -> 0
A13: Parth Zalavadia | AG13: =SUM(AH13:AK13) -> 0 | AH13: =COUNTIF(B13:AF13,"V")+COUNTIF(B13:AF13,"V1")/2+COUNTIF(B13:AF13,"V2")/2 -> 0 | AI13: =COUNTIF(B13:AF13,"S")+COUNTIF(B13:AF13,"S1")/2+COUNTIF(B13:AF13,"S2")/2 -> 0 | AJ13: =COUNTIF(B13:AF13,"M") -> 0 | AK13: =COUNTIF(B13:AF13,"U") -> 0
A14: Harshit Malpani | AG14: =SUM(AH14:AK14) -> 0 | AH14: =COUNTIF(B14:AF14,"V")+COUNTIF(B14:AF14,"V1")/2+COUNTIF(B14:AF14,"V2")/2 -> 0 | AI14: =COUNTIF(B14:AF14,"S")+COUNTIF(B14:AF14,"S1")/2+COUNTIF(B14:AF14,"S2")/2 -> 0 | AJ14: =COUNTIF(B14:AF14,"M") -> 0 | AK14: =COUNTIF(B14:AF14,"U") -> 0
A15: Friendsis Rai | AG15: =SUM(AH15:AK15) -> 0 | AH15: =COUNTIF(B15:AF15,"V")+COUNTIF(B15:AF15,"V1")/2+COUNTIF(B15:AF15,"V2")/2 -> 0 | AI15: =COUNTIF(B15:AF15,"S")+COUNTIF(B15:AF15,"S1")/2+COUNTIF(B15:AF15,"S2")/2 -> 0 | AJ15: =COUNTIF(B15:AF15,"M") -> 0 | AK15: =COUNTIF(B15:AF15,"U") -> 0
A16: Divya Maheshwari | AG16: =SUM(AH16:AK16) -> 0 | AH16: =COUNTIF(B16:AF16,"V")+COUNTIF(B16:AF16,"V1")/2+COUNTIF(B16:AF16,"V2")/2 -> 0 | AI16: =COUNTIF(B16:AF16,"S")+COUNTIF(B16:AF16,"S1")/2+COUNTIF(B16:AF16,"S2")/2 -> 0 | AJ16: =COUNTIF(B16:AF16,"M") -> 0 | AK16: =COUNTIF(B16:AF16,"U") -> 0
A17: Ujjwal Waikar | AG17: =SUM(AH17:AK17) -> 0 | AH17: =COUNTIF(B17:AF17,"V")+COUNTIF(B17:AF17,"V1")/2+COUNTIF(B17:AF17,"V2")/2 -> 0 | AI17: =COUNTIF(B17:AF17,"S")+COUNTIF(B17:AF17,"S1")/2+COUNTIF(B17:AF17,"S2")/2 -> 0 | AJ17: =COUNTIF(B17:AF17,"M") -> 0 | AK17: =COUNTIF(B17:AF17,"U") -> 0
A18: Rajitha D | AG18: =SUM(AH18:AK18) -> 0 | AH18: =COUNTIF(B18:AF18,"V")+COUNTIF(B18:AF18,"V1")/2+COUNTIF(B18:AF18,"V2")/2 -> 0 | AI18: =COUNTIF(B18:AF18,"S")+COUNTIF(B18:AF18,"S1")/2+COUNTIF(B18:AF18,"S2")/2 -> 0 | AJ18: =COUNTIF(B18:AF18,"M") -> 0 | AK18: =COUNTIF(B18:AF18,"U") -> 0
A19: Lavleen Kaur | AG19: =SUM(AH19:AK19) -> 0 | AH19: =COUNTIF(B19:AF19,"V")+COUNTIF(B19:AF19,"V1")/2+COUNTIF(B19:AF19,"V2")/2 -> 0 | AI19: =COUNTIF(B19:AF19,"S")+COUNTIF(B19:AF19,"S1")/2+COUNTIF(B19:AF19,"S2")/2 -> 0 | AJ19: =COUNTIF(B19:AF19,"M") -> 0 | AK19: =COUNTIF(B19:AF19,"U") -> 0
A20: Sanjay Singhal | AG20: =SUM(AH20:AK20) -> 0 | AH20: =COUNTIF(B20:AF20,"V")+COUNTIF(B20:AF20,"V1")/2+COUNTIF(B20:AF20,"V2")/2 -> 0 | AI20: =COUNTIF(B20:AF20,"S")+COUNTIF(B20:AF20,"S1")/2+COUNTIF(B20:AF20,"S2")/2 -> 0 | AJ20: =COUNTIF(B20:AF20,"M") -> 0 | AK20: =COUNTIF(B20:AF20,"U") -> 0
A21: Robin Babu | AG21: =SUM(AH21:AK21) -> 0 | AH21: =COUNTIF(B21:AF21,"V")+COUNTIF(B21:AF21,"V1")/2+COUNTIF(B21:AF21,"V2")/2 -> 0 | AI21: =COUNTIF(B21:AF21,"S")+COUNTIF(B21:AF21,"S1")/2+COUNTIF(B21:AF21,"S2")/2 -> 0 | AJ21: =COUNTIF(B21:AF21,"M") -> 0 | AK21: =COUNTIF(B21:AF21,"U") -> 0
A22: Pavani B Raj | AG22: =SUM(AH22:AK22) -> 0 | AH22: =COUNTIF(B22:AF22,"V")+COUNTIF(B22:AF22,"V1")/2+COUNTIF(B22:AF22,"V2")/2 -> 0 | AI22: =COUNTIF(B22:AF22,"S")+COUNTIF(B22:AF22,"S1")/2+COUNTIF(B22:AF22,"S2")/2 -> 0 | AJ22: =COUNTIF(B22:AF22,"M") -> 0 | AK22: =COUNTIF(B22:AF22,"U") -> 0
... A35: Bhalerao, Rachana | AG35: =SUM(AH35:AK35) -> 0 | AH35: =COUNTIF(B35:AF35,"V")+COUNTIF(B35:AF35,"V1")/2+COUNTIF(B35:AF35,"V2")/2 -> 0 | AI35: =COUNTIF(B35:AF35,"S")+COUNTIF(B35:AF35,"S1")/2+COUNTIF(B35:AF35,"S2")/2 -> 0 | AJ35: =COUNTIF(B35:AF35,"M") -> 0 | AK35: =COUNTIF(B35:AF35,"U") -> 0

Sheet Aug
A1: August
A3: Employee | B3: =IF(B4="","",INDEX({"Sun";"Mon";"Tue";"Wen";"Thu";"Fri";"Sat"},WEEKDAY(B4,1))) -> Sat | C3: =IF(C4="","",INDEX({"Sun";"Mon";"Tue";"Wen";"Thu";"Fri";"Sat"},WEEKDAY(C4,1))) -> Sun | D3: =IF(D4="","",INDEX({"Sun";"Mon";"Tue";"Wen";"Thu";"Fri";"Sat"},WEEKDAY(D4,1))) -> Mon | E3: =IF(E4="","",INDEX({"Sun";"Mon";"Tue";"Wen";"Thu";"Fri";"Sat"},WEEKDAY(E4,1))) -> Tue | F3: =IF(F4="","",INDEX({"Sun";"Mon";"Tue";"Wen";"Thu";"Fri";"Sat"},WEEKDAY(F4,1))) -> Wen | G3: =IF(G4="","",INDEX({"Sun";"Mon";"Tue";"Wen";"Thu";"Fri";"Sat"},WEEKDAY(G4,1))) -> Thu | H3: =IF(H4="","",INDEX({"Sun";"Mon";"Tue";"Wen";"Thu";"Fri";"Sat"},WEEKDAY(H4,1))) -> Fri | I3: =IF(I4="","",INDEX({"Sun";"Mon";"Tue";"Wen";"Thu";"Fri";"Sat"},WEEKDAY(I4,1))) -> Sat | ... AF3: =IF(AF4="","",INDEX({"Sun";"Mon";"Tue";"Wen";"Thu";"Fri";"Sat"},WEEKDAY(AF4,1))) -> Mon | AG3: Total Absence Days | AH3: Total Vacation Leave Days | AI3: Total Sick Leave Days | AJ3: Maternity or Paternity | AK3: Leave without Pay | AM3: Absence Type | AN3: Code
B4: =DATE(Year!$B$2,8,1) -> 46235 | C4: =B4+1 -> 46236 | D4: =C4+1 -> 46237 | E4: =D4+1 -> 46238 | F4: =E4+1 -> 46239 | G4: =F4+1 -> 46240 | H4: =G4+1 -> 46241 | I4: =H4+1 -> 46242 | J4: =I4+1 -> 46243 | ... AF4: =AE4+1 -> 46265
A5: Nitish Kumar | AG5: =SUM(AH5:AK5) -> 0 | AH5: =COUNTIF(B5:AF5,"V")+COUNTIF(B5:AF5,"V1")/2+COUNTIF(B5:AF5,"V2")/2 -> 0 | AI5: =COUNTIF(B5:AF5,"S")+COUNTIF(B5:AF5,"S1")/2+COUNTIF(B5:AF5,"S2")/2 -> 0 | AJ5: =COUNTIF(B5:AF5,"M") -> 0 | AK5: =COUNTIF(B5:AF5,"U") -> 0 | AM5: PTO | AN5: PT
A6: Bharti Kumari | AG6: =SUM(AH6:AK6) -> 0 | AH6: =COUNTIF(B6:AF6,"V")+COUNTIF(B6:AF6,"V1")/2+COUNTIF(B6:AF6,"V2")/2 -> 0 | AI6: =COUNTIF(B6:AF6,"S")+COUNTIF(B6:AF6,"S1")/2+COUNTIF(B6:AF6,"S2")/2 -> 0 | AJ6: =COUNTIF(B6:AF6,"M") -> 0 | AK6: =COUNTIF(B6:AF6,"U") -> 0 | AM6: Sick leave/ Emergency leave | AN6: S
A7: Sruthi G | AG7: =SUM(AH7:AK7) -> 0 | AH7: =COUNTIF(B7:AF7,"V")+COUNTIF(B7:AF7,"V1")/2+COUNTIF(B7:AF7,"V2")/2 -> 0 | AI7: =COUNTIF(B7:AF7,"S")+COUNTIF(B7:AF7,"S1")/2+COUNTIF(B7:AF7,"S2")/2 -> 0 | AJ7: =COUNTIF(B7:AF7,"M") -> 0 | AK7: =COUNTIF(B7:AF7,"U") -> 0 | AM7: Half Day | AN7: H1
A8: Balagopalan, Akhila | AG8: =SUM(AH8:AK8) -> 0 | AH8: =COUNTIF(B8:AF8,"V")+COUNTIF(B8:AF8,"V1")/2+COUNTIF(B8:AF8,"V2")/2 -> 0 | AI8: =COUNTIF(B8:AF8,"S")+COUNTIF(B8:AF8,"S1")/2+COUNTIF(B8:AF8,"S2")/2 -> 0 | AJ8: =COUNTIF(B8:AF8,"M") -> 0 | AK8: =COUNTIF(B8:AF8,"U") -> 0 | AM8: Maternity/Paternity | AN8: MT
A9: Jagannath Belel | AG9: =SUM(AH9:AK9) -> 0 | AH9: =COUNTIF(B9:AF9,"V")+COUNTIF(B9:AF9,"V1")/2+COUNTIF(B9:AF9,"V2")/2 -> 0 | AI9: =COUNTIF(B9:AF9,"S")+COUNTIF(B9:AF9,"S1")/2+COUNTIF(B9:AF9,"S2")/2 -> 0 | AJ9: =COUNTIF(B9:AF9,"M") -> 0 | AK9: =COUNTIF(B9:AF9,"U") -> 0 | AM9: Firm Holiday | AN9: FH
A10: Sanchi Yadav | AG10: =SUM(AH10:AK10) -> 0 | AH10: =COUNTIF(B10:AF10,"V")+COUNTIF(B10:AF10,"V1")/2+COUNTIF(B10:AF10,"V2")/2 -> 0 | AI10: =COUNTIF(B10:AF10,"S")+COUNTIF(B10:AF10,"S1")/2+COUNTIF(B10:AF10,"S2")/2 -> 0 | AJ10: =COUNTIF(B10:AF10,"M") -> 0 | AK10: =COUNTIF(B10:AF10,"U") -> 0 | AM10: Leave without Pay | AN10: U
A11: Gollapudi, Gireesh | AG11: =SUM(AH11:AK11) -> 0 | AH11: =COUNTIF(B11:AF11,"V")+COUNTIF(B11:AF11,"V1")/2+COUNTIF(B11:AF11,"V2")/2 -> 0 | AI11: =COUNTIF(B11:AF11,"S")+COUNTIF(B11:AF11,"S1")/2+COUNTIF(B11:AF11,"S2")/2 -> 0 | AJ11: =COUNTIF(B11:AF11,"M") -> 0 | AK11: =COUNTIF(B11:AF11,"U") -> 0
A12: Rachana, Golla | AG12: =SUM(AH12:AK12) -> 0 | AH12: =COUNTIF(B12:AF12,"V")+COUNTIF(B12:AF12,"V1")/2+COUNTIF(B12:AF12,"V2")/2 -> 0 | AI12: =COUNTIF(B12:AF12,"S")+COUNTIF(B12:AF12,"S1")/2+COUNTIF(B12:AF12,"S2")/2 -> 0 | AJ12: =COUNTIF(B12:AF12,"M") -> 0 | AK12: =COUNTIF(B12:AF12,"U") -> 0
A13: Parth Zalavadia | AG13: =SUM(AH13:AK13) -> 0 | AH13: =COUNTIF(B13:AF13,"V")+COUNTIF(B13:AF13,"V1")/2+COUNTIF(B13:AF13,"V2")/2 -> 0 | AI13: =COUNTIF(B13:AF13,"S")+COUNTIF(B13:AF13,"S1")/2+COUNTIF(B13:AF13,"S2")/2 -> 0 | AJ13: =COUNTIF(B13:AF13,"M") -> 0 | AK13: =COUNTIF(B13:AF13,"U") -> 0
A14: Harshit Malpani | AG14: =SUM(AH14:AK14) -> 0 | AH14: =COUNTIF(B14:AF14,"V")+COUNTIF(B14:AF14,"V1")/2+COUNTIF(B14:AF14,"V2")/2 -> 0 | AI14: =COUNTIF(B14:AF14,"S")+COUNTIF(B14:AF14,"S1")/2+COUNTIF(B14:AF14,"S2")/2 -> 0 | AJ14: =COUNTIF(B14:AF14,"M") -> 0 | AK14: =COUNTIF(B14:AF14,"U") -> 0
A15: Friendsis Rai | AG15: =SUM(AH15:AK15) -> 0 | AH15: =COUNTIF(B15:AF15,"V")+COUNTIF(B15:AF15,"V1")/2+COUNTIF(B15:AF15,"V2")/2 -> 0 | AI15: =COUNTIF(B15:AF15,"S")+COUNTIF(B15:AF15,"S1")/2+COUNTIF(B15:AF15,"S2")/2 -> 0 | AJ15: =COUNTIF(B15:AF15,"M") -> 0 | AK15: =COUNTIF(B15:AF15,"U") -> 0
A16: Divya Maheshwari | AG16: =SUM(AH16:AK16) -> 0 | AH16: =COUNTIF(B16:AF16,"V")+COUNTIF(B16:AF16,"V1")/2+COUNTIF(B16:AF16,"V2")/2 -> 0 | AI16: =COUNTIF(B16:AF16,"S")+COUNTIF(B16:AF16,"S1")/2+COUNTIF(B16:AF16,"S2")/2 -> 0 | AJ16: =COUNTIF(B16:AF16,"M") -> 0 | AK16: =COUNTIF(B16:AF16,"U") -> 0
A17: Ujjwal Waikar | AG17: =SUM(AH17:AK17) -> 0 | AH17: =COUNTIF(B17:AF17,"V")+COUNTIF(B17:AF17,"V1")/2+COUNTIF(B17:AF17,"V2")/2 -> 0 | AI17: =COUNTIF(B17:AF17,"S")+COUNTIF(B17:AF17,"S1")/2+COUNTIF(B17:AF17,"S2")/2 -> 0 | AJ17: =COUNTIF(B17:AF17,"M") -> 0 | AK17: =COUNTIF(B17:AF17,"U") -> 0
A18: Rajitha D | AG18: =SUM(AH18:AK18) -> 0 | AH18: =COUNTIF(B18:AF18,"V")+COUNTIF(B18:AF18,"V1")/2+COUNTIF(B18:AF18,"V2")/2 -> 0 | AI18: =COUNTIF(B18:AF18,"S")+COUNTIF(B18:AF18,"S1")/2+COUNTIF(B18:AF18,"S2")/2 -> 0 | AJ18: =COUNTIF(B18:AF18,"M") -> 0 | AK18: =COUNTIF(B18:AF18,"U") -> 0
A19: Lavleen Kaur | AG19: =SUM(AH19:AK19) -> 0 | AH19: =COUNTIF(B19:AF19,"V")+COUNTIF(B19:AF19,"V1")/2+COUNTIF(B19:AF19,"V2")/2 -> 0 | AI19: =COUNTIF(B19:AF19,"S")+COUNTIF(B19:AF19,"S1")/2+COUNTIF(B19:AF19,"S2")/2 -> 0 | AJ19: =COUNTIF(B19:AF19,"M") -> 0 | AK19: =COUNTIF(B19:AF19,"U") -> 0
A20: Sanjay Singhal | AG20: =SUM(AH20:AK20) -> 0 | AH20: =COUNTIF(B20:AF20,"V")+COUNTIF(B20:AF20,"V1")/2+COUNTIF(B20:AF20,"V2")/2 -> 0 | AI20: =COUNTIF(B20:AF20,"S")+COUNTIF(B20:AF20,"S1")/2+COUNTIF(B20:AF20,"S2")/2 -> 0 | AJ20: =COUNTIF(B20:AF20,"M") -> 0 | AK20: =COUNTIF(B20:AF20,"U") -> 0
A21: Robin Babu | AG21: =SUM(AH21:AK21) -> 0 | AH21: =COUNTIF(B21:AF21,"V")+COUNTIF(B21:AF21,"V1")/2+COUNTIF(B21:AF21,"V2")/2 -> 0 | AI21: =COUNTIF(B21:AF21,"S")+COUNTIF(B21:AF21,"S1")/2+COUNTIF(B21:AF21,"S2")/2 -> 0 | AJ21: =COUNTIF(B21:AF21,"M") -> 0 | AK21: =COUNTIF(B21:AF21,"U") -> 0
A22: Pavani B Raj | AG22: =SUM(AH22:AK22) -> 0 | AH22: =COUNTIF(B22:AF22,"V")+COUNTIF(B22:AF22,"V1")/2+COUNTIF(B22:AF22,"V2")/2 -> 0 | AI22: =COUNTIF(B22:AF22,"S")+COUNTIF(B22:AF22,"S1")/2+COUNTIF(B22:AF22,"S2")/2 -> 0 | AJ22: =COUNTIF(B22:AF22,"M") -> 0 | AK22: =COUNTIF(B22:AF22,"U") -> 0
... A35: Bhalerao, Rachana | AG35: =SUM(AH35:AK35) -> 0 | AH35: =COUNTIF(B35:AF35,"V")+COUNTIF(B35:AF35,"V1")/2+COUNTIF(B35:AF35,"V2")/2 -> 0 | AI35: =COUNTIF(B35:AF35,"S")+COUNTIF(B35:AF35,"S1")/2+COUNTIF(B35:AF35,"S2")/2 -> 0 | AJ35: =COUNTIF(B35:AF35,"M") -> 0 | AK35: =COUNTIF(B35:AF35,"U") -> 0

Sheet Sep
A1: September
A3: Employee | B3: =IF(B4="","",INDEX({"Sun";"Mon";"Tue";"Wen";"Thu";"Fri";"Sat"},WEEKDAY(B4,1))) -> Tue | C3: =IF(C4="","",INDEX({"Sun";"Mon";"Tue";"Wen";"Thu";"Fri";"Sat"},WEEKDAY(C4,1))) -> Wen | D3: =IF(D4="","",INDEX({"Sun";"Mon";"Tue";"Wen";"Thu";"Fri";"Sat"},WEEKDAY(D4,1))) -> Thu | E3: =IF(E4="","",INDEX({"Sun";"Mon";"Tue";"Wen";"Thu";"Fri";"Sat"},WEEKDAY(E4,1))) -> Fri | F3: =IF(F4="","",INDEX({"Sun";"Mon";"Tue";"Wen";"Thu";"Fri";"Sat"},WEEKDAY(F4,1))) -> Sat | G3: =IF(G4="","",INDEX({"Sun";"Mon";"Tue";"Wen";"Thu";"Fri";"Sat"},WEEKDAY(G4,1))) -> Sun | H3: =IF(H4="","",INDEX({"Sun";"Mon";"Tue";"Wen";"Thu";"Fri";"Sat"},WEEKDAY(H4,1))) -> Mon | I3: =IF(I4="","",INDEX({"Sun";"Mon";"Tue";"Wen";"Thu";"Fri";"Sat"},WEEKDAY(I4,1))) -> Tue | ... AE3: =IF(AE4="","",INDEX({"Sun";"Mon";"Tue";"Wen";"Thu";"Fri";"Sat"},WEEKDAY(AE4,1))) -> Wen | AF3: Total Absence Days | AG3: Total Vacation Leave Days | AH3: Total Sick Leave Days | AI3: Maternity or Paternity | AJ3: Leave without Pay | AL3: Absence Type | AM3: Code
B4: =DATE(Year!$B$2,9,1) -> 46266 | C4: =B4+1 -> 46267 | D4: =C4+1 -> 46268 | E4: =D4+1 -> 46269 | F4: =E4+1 -> 46270 | G4: =F4+1 -> 46271 | H4: =G4+1 -> 46272 | I4: =H4+1 -> 46273 | J4: =I4+1 -> 46274 | ... AE4: =AD4+1 -> 46295
A5: Nitish Kumar | AF5: =SUM(AG5:AJ5) -> 0 | AG5: =COUNTIF(B5:AE5,"V")+COUNTIF(B5:AE5,"V1")/2+COUNTIF(B5:AE5,"V2")/2 -> 0 | AH5: =COUNTIF(B5:AE5,"S")+COUNTIF(B5:AE5,"S1")/2+COUNTIF(B5:AE5,"S2")/2 -> 0 | AI5: =COUNTIF(B5:AE5,"M") -> 0 | AJ5: =COUNTIF(B5:AE5,"U") -> 0 | AL5: PTO | AM5: PT
A6: Bharti Kumari | AF6: =SUM(AG6:AJ6) -> 0 | AG6: =COUNTIF(B6:AE6,"V")+COUNTIF(B6:AE6,"V1")/2+COUNTIF(B6:AE6,"V2")/2 -> 0 | AH6: =COUNTIF(B6:AE6,"S")+COUNTIF(B6:AE6,"S1")/2+COUNTIF(B6:AE6,"S2")/2 -> 0 | AI6: =COUNTIF(B6:AE6,"M") -> 0 | AJ6: =COUNTIF(B6:AE6,"U") -> 0 | AL6: Sick leave/ Emergency leave | AM6: S
A7: Sruthi G | AF7: =SUM(AG7:AJ7) -> 0 | AG7: =COUNTIF(B7:AE7,"V")+COUNTIF(B7:AE7,"V1")/2+COUNTIF(B7:AE7,"V2")/2 -> 0 | AH7: =COUNTIF(B7:AE7,"S")+COUNTIF(B7:AE7,"S1")/2+COUNTIF(B7:AE7,"S2")/2 -> 0 | AI7: =COUNTIF(B7:AE7,"M") -> 0 | AJ7: =COUNTIF(B7:AE7,"U") -> 0 | AL7: Half Day | AM7: H1
A8: Balagopalan, Akhila | AF8: =SUM(AG8:AJ8) -> 0 | AG8: =COUNTIF(B8:AE8,"V")+COUNTIF(B8:AE8,"V1")/2+COUNTIF(B8:AE8,"V2")/2 -> 0 | AH8: =COUNTIF(B8:AE8,"S")+COUNTIF(B8:AE8,"S1")/2+COUNTIF(B8:AE8,"S2")/2 -> 0 | AI8: =COUNTIF(B8:AE8,"M") -> 0 | AJ8: =COUNTIF(B8:AE8,"U") -> 0 | AL8: Maternity/Paternity | AM8: MT
A9: Jagannath Belel | AF9: =SUM(AG9:AJ9) -> 0 | AG9: =COUNTIF(B9:AE9,"V")+COUNTIF(B9:AE9,"V1")/2+COUNTIF(B9:AE9,"V2")/2 -> 0 | AH9: =COUNTIF(B9:AE9,"S")+COUNTIF(B9:AE9,"S1")/2+COUNTIF(B9:AE9,"S2")/2 -> 0 | AI9: =COUNTIF(B9:AE9,"M") -> 0 | AJ9: =COUNTIF(B9:AE9,"U") -> 0 | AL9: Firm Holiday | AM9: FH
A10: Sanchi Yadav | AF10: =SUM(AG10:AJ10) -> 0 | AG10: =COUNTIF(B10:AE10,"V")+COUNTIF(B10:AE10,"V1")/2+COUNTIF(B10:AE10,"V2")/2 -> 0 | AH10: =COUNTIF(B10:AE10,"S")+COUNTIF(B10:AE10,"S1")/2+COUNTIF(B10:AE10,"S2")/2 -> 0 | AI10: =COUNTIF(B10:AE10,"M") -> 0 | AJ10: =COUNTIF(B10:AE10,"U") -> 0 | AL10: Leave without Pay | AM10: U
A11: Gollapudi, Gireesh | AF11: =SUM(AG11:AJ11) -> 0 | AG11: =COUNTIF(B11:AE11,"V")+COUNTIF(B11:AE11,"V1")/2+COUNTIF(B11:AE11,"V2")/2 -> 0 | AH11: =COUNTIF(B11:AE11,"S")+COUNTIF(B11:AE11,"S1")/2+COUNTIF(B11:AE11,"S2")/2 -> 0 | AI11: =COUNTIF(B11:AE11,"M") -> 0 | AJ11: =COUNTIF(B11:AE11,"U") -> 0
A12: Rachana, Golla | AF12: =SUM(AG12:AJ12) -> 0 | AG12: =COUNTIF(B12:AE12,"V")+COUNTIF(B12:AE12,"V1")/2+COUNTIF(B12:AE12,"V2")/2 -> 0 | AH12: =COUNTIF(B12:AE12,"S")+COUNTIF(B12:AE12,"S1")/2+COUNTIF(B12:AE12,"S2")/2 -> 0 | AI12: =COUNTIF(B12:AE12,"M") -> 0 | AJ12: =COUNTIF(B12:AE12,"U") -> 0
A13: Parth Zalavadia | AF13: =SUM(AG13:AJ13) -> 0 | AG13: =COUNTIF(B13:AE13,"V")+COUNTIF(B13:AE13,"V1")/2+COUNTIF(B13:AE13,"V2")/2 -> 0 | AH13: =COUNTIF(B13:AE13,"S")+COUNTIF(B13:AE13,"S1")/2+COUNTIF(B13:AE13,"S2")/2 -> 0 | AI13: =COUNTIF(B13:AE13,"M") -> 0 | AJ13: =COUNTIF(B13:AE13,"U") -> 0
A14: Harshit Malpani | AF14: =SUM(AG14:AJ14) -> 0 | AG14: =COUNTIF(B14:AE14,"V")+COUNTIF(B14:AE14,"V1")/2+COUNTIF(B14:AE14,"V2")/2 -> 0 | AH14: =COUNTIF(B14:AE14,"S")+COUNTIF(B14:AE14,"S1")/2+COUNTIF(B14:AE14,"S2")/2 -> 0 | AI14: =COUNTIF(B14:AE14,"M") -> 0 | AJ14: =COUNTIF(B14:AE14,"U") -> 0
A15: Friendsis Rai | AF15: =SUM(AG15:AJ15) -> 0 | AG15: =COUNTIF(B15:AE15,"V")+COUNTIF(B15:AE15,"V1")/2+COUNTIF(B15:AE15,"V2")/2 -> 0 | AH15: =COUNTIF(B15:AE15,"S")+COUNTIF(B15:AE15,"S1")/2+COUNTIF(B15:AE15,"S2")/2 -> 0 | AI15: =COUNTIF(B15:AE15,"M") -> 0 | AJ15: =COUNTIF(B15:AE15,"U") -> 0
A16: Divya Maheshwari | AF16: =SUM(AG16:AJ16) -> 0 | AG16: =COUNTIF(B16:AE16,"V")+COUNTIF(B16:AE16,"V1")/2+COUNTIF(B16:AE16,"V2")/2 -> 0 | AH16: =COUNTIF(B16:AE16,"S")+COUNTIF(B16:AE16,"S1")/2+COUNTIF(B16:AE16,"S2")/2 -> 0 | AI16: =COUNTIF(B16:AE16,"M") -> 0 | AJ16: =COUNTIF(B16:AE16,"U") -> 0
A17: Ujjwal Waikar | AF17: =SUM(AG17:AJ17) -> 0 | AG17: =COUNTIF(B17:AE17,"V")+COUNTIF(B17:AE17,"V1")/2+COUNTIF(B17:AE17,"V2")/2 -> 0 | AH17: =COUNTIF(B17:AE17,"S")+COUNTIF(B17:AE17,"S1")/2+COUNTIF(B17:AE17,"S2")/2 -> 0 | AI17: =COUNTIF(B17:AE17,"M") -> 0 | AJ17: =COUNTIF(B17:AE17,"U") -> 0
A18: Rajitha D | AF18: =SUM(AG18:AJ18) -> 0 | AG18: =COUNTIF(B18:AE18,"V")+COUNTIF(B18:AE18,"V1")/2+COUNTIF(B18:AE18,"V2")/2 -> 0 | AH18: =COUNTIF(B18:AE18,"S")+COUNTIF(B18:AE18,"S1")/2+COUNTIF(B18:AE18,"S2")/2 -> 0 | AI18: =COUNTIF(B18:AE18,"M") -> 0 | AJ18: =COUNTIF(B18:AE18,"U") -> 0
A19: Lavleen Kaur | AF19: =SUM(AG19:AJ19) -> 0 | AG19: =COUNTIF(B19:AE19,"V")+COUNTIF(B19:AE19,"V1")/2+COUNTIF(B19:AE19,"V2")/2 -> 0 | AH19: =COUNTIF(B19:AE19,"S")+COUNTIF(B19:AE19,"S1")/2+COUNTIF(B19:AE19,"S2")/2 -> 0 | AI19: =COUNTIF(B19:AE19,"M") -> 0 | AJ19: =COUNTIF(B19:AE19,"U") -> 0
A20: Sanjay Singhal | AF20: =SUM(AG20:AJ20) -> 0 | AG20: =COUNTIF(B20:AE20,"V")+COUNTIF(B20:AE20,"V1")/2+COUNTIF(B20:AE20,"V2")/2 -> 0 | AH20: =COUNTIF(B20:AE20,"S")+COUNTIF(B20:AE20,"S1")/2+COUNTIF(B20:AE20,"S2")/2 -> 0 | AI20: =COUNTIF(B20:AE20,"M") -> 0 | AJ20: =COUNTIF(B20:AE20,"U") -> 0
A21: Robin Babu | AF21: =SUM(AG21:AJ21) -> 0 | AG21: =COUNTIF(B21:AE21,"V")+COUNTIF(B21:AE21,"V1")/2+COUNTIF(B21:AE21,"V2")/2 -> 0 | AH21: =COUNTIF(B21:AE21,"S")+COUNTIF(B21:AE21,"S1")/2+COUNTIF(B21:AE21,"S2")/2 -> 0 | AI21: =COUNTIF(B21:AE21,"M") -> 0 | AJ21: =COUNTIF(B21:AE21,"U") -> 0
A22: Pavani B Raj | AF22: =SUM(AG22:AJ22) -> 0 | AG22: =COUNTIF(B22:AE22,"V")+COUNTIF(B22:AE22,"V1")/2+COUNTIF(B22:AE22,"V2")/2 -> 0 | AH22: =COUNTIF(B22:AE22,"S")+COUNTIF(B22:AE22,"S1")/2+COUNTIF(B22:AE22,"S2")/2 -> 0 | AI22: =COUNTIF(B22:AE22,"M") -> 0 | AJ22: =COUNTIF(B22:AE22,"U") -> 0
... A35: Bhalerao, Rachana | AF35: =SUM(AG35:AJ35) -> 0 | AG35: =COUNTIF(B35:AE35,"V")+COUNTIF(B35:AE35,"V1")/2+COUNTIF(B35:AE35,"V2")/2 -> 0 | AH35: =COUNTIF(B35:AE35,"S")+COUNTIF(B35:AE35,"S1")/2+COUNTIF(B35:AE35,"S2")/2 -> 0 | AI35: =COUNTIF(B35:AE35,"M") -> 0 | AJ35: =COUNTIF(B35:AE35,"U") -> 0

Sheet Oct
A1: October
A3: Employee | B3: =IF(B4="","",INDEX({"Sun";"Mon";"Tue";"Wen";"Thu";"Fri";"Sat"},WEEKDAY(B4,1))) -> Thu | C3: =IF(C4="","",INDEX({"Sun";"Mon";"Tue";"Wen";"Thu";"Fri";"Sat"},WEEKDAY(C4,1))) -> Fri | D3: =IF(D4="","",INDEX({"Sun";"Mon";"Tue";"Wen";"Thu";"Fri";"Sat"},WEEKDAY(D4,1))) -> Sat | E3: =IF(E4="","",INDEX({"Sun";"Mon";"Tue";"Wen";"Thu";"Fri";"Sat"},WEEKDAY(E4,1))) -> Sun | F3: =IF(F4="","",INDEX({"Sun";"Mon";"Tue";"Wen";"Thu";"Fri";"Sat"},WEEKDAY(F4,1))) -> Mon | G3: =IF(G4="","",INDEX({"Sun";"Mon";"Tue";"Wen";"Thu";"Fri";"Sat"},WEEKDAY(G4,1))) -> Tue | H3: =IF(H4="","",INDEX({"Sun";"Mon";"Tue";"Wen";"Thu";"Fri";"Sat"},WEEKDAY(H4,1))) -> Wen | I3: =IF(I4="","",INDEX({"Sun";"Mon";"Tue";"Wen";"Thu";"Fri";"Sat"},WEEKDAY(I4,1))) -> Thu | ... AF3: =IF(AF4="","",INDEX({"Sun";"Mon";"Tue";"Wen";"Thu";"Fri";"Sat"},WEEKDAY(AF4,1))) -> Sat | AG3: Total Absence Days | AH3: Total Vacation Leave Days | AI3: Total Sick Leave Days | AJ3: Maternity or Paternity | AK3: Leave without Pay | AM3: Absence Type | AN3: Code
B4: =DATE(Year!$B$2,10,1) -> 46296 | C4: =B4+1 -> 46297 | D4: =C4+1 -> 46298 | E4: =D4+1 -> 46299 | F4: =E4+1 -> 46300 | G4: =F4+1 -> 46301 | H4: =G4+1 -> 46302 | I4: =H4+1 -> 46303 | J4: =I4+1 -> 46304 | ... AF4: =AE4+1 -> 46326
A5: Nitish Kumar | AG5: =SUM(AH5:AK5) -> 0 | AH5: =COUNTIF(B5:AF5,"V")+COUNTIF(B5:AF5,"V1")/2+COUNTIF(B5:AF5,"V2")/2 -> 0 | AI5: =COUNTIF(B5:AF5,"S")+COUNTIF(B5:AF5,"S1")/2+COUNTIF(B5:AF5,"S2")/2 -> 0 | AJ5: =COUNTIF(B5:AF5,"M") -> 0 | AK5: =COUNTIF(B5:AF5,"U") -> 0 | AM5: PTO | AN5: PT
A6: Bharti Kumari | AG6: =SUM(AH6:AK6) -> 0 | AH6: =COUNTIF(B6:AF6,"V")+COUNTIF(B6:AF6,"V1")/2+COUNTIF(B6:AF6,"V2")/2 -> 0 | AI6: =COUNTIF(B6:AF6,"S")+COUNTIF(B6:AF6,"S1")/2+COUNTIF(B6:AF6,"S2")/2 -> 0 | AJ6: =COUNTIF(B6:AF6,"M") -> 0 | AK6: =COUNTIF(B6:AF6,"U") -> 0 | AM6: Sick leave/ Emergency leave | AN6: S
A7: Sruthi G | AG7: =SUM(AH7:AK7) -> 0 | AH7: =COUNTIF(B7:AF7,"V")+COUNTIF(B7:AF7,"V1")/2+COUNTIF(B7:AF7,"V2")/2 -> 0 | AI7: =COUNTIF(B7:AF7,"S")+COUNTIF(B7:AF7,"S1")/2+COUNTIF(B7:AF7,"S2")/2 -> 0 | AJ7: =COUNTIF(B7:AF7,"M") -> 0 | AK7: =COUNTIF(B7:AF7,"U") -> 0 | AM7: Half Day | AN7: H1
A8: Balagopalan, Akhila | AG8: =SUM(AH8:AK8) -> 0 | AH8: =COUNTIF(B8:AF8,"V")+COUNTIF(B8:AF8,"V1")/2+COUNTIF(B8:AF8,"V2")/2 -> 0 | AI8: =COUNTIF(B8:AF8,"S")+COUNTIF(B8:AF8,"S1")/2+COUNTIF(B8:AF8,"S2")/2 -> 0 | AJ8: =COUNTIF(B8:AF8,"M") -> 0 | AK8: =COUNTIF(B8:AF8,"U") -> 0 | AM8: Maternity/Paternity | AN8: MT
A9: Jagannath Belel | AG9: =SUM(AH9:AK9) -> 0 | AH9: =COUNTIF(B9:AF9,"V")+COUNTIF(B9:AF9,"V1")/2+COUNTIF(B9:AF9,"V2")/2 -> 0 | AI9: =COUNTIF(B9:AF9,"S")+COUNTIF(B9:AF9,"S1")/2+COUNTIF(B9:AF9,"S2")/2 -> 0 | AJ9: =COUNTIF(B9:AF9,"M") -> 0 | AK9: =COUNTIF(B9:AF9,"U") -> 0 | AM9: Firm Holiday | AN9: FH
A10: Sanchi Yadav | AG10: =SUM(AH10:AK10) -> 0 | AH10: =COUNTIF(B10:AF10,"V")+COUNTIF(B10:AF10,"V1")/2+COUNTIF(B10:AF10,"V2")/2 -> 0 | AI10: =COUNTIF(B10:AF10,"S")+COUNTIF(B10:AF10,"S1")/2+COUNTIF(B10:AF10,"S2")/2 -> 0 | AJ10: =COUNTIF(B10:AF10,"M") -> 0 | AK10: =COUNTIF(B10:AF10,"U") -> 0 | AM10: Leave without Pay | AN10: U
A11: Gollapudi, Gireesh | AG11: =SUM(AH11:AK11) -> 0 | AH11: =COUNTIF(B11:AF11,"V")+COUNTIF(B11:AF11,"V1")/2+COUNTIF(B11:AF11,"V2")/2 -> 0 | AI11: =COUNTIF(B11:AF11,"S")+COUNTIF(B11:AF11,"S1")/2+COUNTIF(B11:AF11,"S2")/2 -> 0 | AJ11: =COUNTIF(B11:AF11,"M") -> 0 | AK11: =COUNTIF(B11:AF11,"U") -> 0
A12: Rachana, Golla | AG12: =SUM(AH12:AK12) -> 0 | AH12: =COUNTIF(B12:AF12,"V")+COUNTIF(B12:AF12,"V1")/2+COUNTIF(B12:AF12,"V2")/2 -> 0 | AI12: =COUNTIF(B12:AF12,"S")+COUNTIF(B12:AF12,"S1")/2+COUNTIF(B12:AF12,"S2")/2 -> 0 | AJ12: =COUNTIF(B12:AF12,"M") -> 0 | AK12: =COUNTIF(B12:AF12,"U") -> 0
A13: Parth Zalavadia | AG13: =SUM(AH13:AK13) -> 0 | AH13: =COUNTIF(B13:AF13,"V")+COUNTIF(B13:AF13,"V1")/2+COUNTIF(B13:AF13,"V2")/2 -> 0 | AI13: =COUNTIF(B13:AF13,"S")+COUNTIF(B13:AF13,"S1")/2+COUNTIF(B13:AF13,"S2")/2 -> 0 | AJ13: =COUNTIF(B13:AF13,"M") -> 0 | AK13: =COUNTIF(B13:AF13,"U") -> 0
A14: Harshit Malpani | AG14: =SUM(AH14:AK14) -> 0 | AH14: =COUNTIF(B14:AF14,"V")+COUNTIF(B14:AF14,"V1")/2+COUNTIF(B14:AF14,"V2")/2 -> 0 | AI14: =COUNTIF(B14:AF14,"S")+COUNTIF(B14:AF14,"S1")/2+COUNTIF(B14:AF14,"S2")/2 -> 0 | AJ14: =COUNTIF(B14:AF14,"M") -> 0 | AK14: =COUNTIF(B14:AF14,"U") -> 0
A15: Friendsis Rai | AG15: =SUM(AH15:AK15) -> 0 | AH15: =COUNTIF(B15:AF15,"V")+COUNTIF(B15:AF15,"V1")/2+COUNTIF(B15:AF15,"V2")/2 -> 0 | AI15: =COUNTIF(B15:AF15,"S")+COUNTIF(B15:AF15,"S1")/2+COUNTIF(B15:AF15,"S2")/2 -> 0 | AJ15: =COUNTIF(B15:AF15,"M") -> 0 | AK15: =COUNTIF(B15:AF15,"U") -> 0
A16: Divya Maheshwari | AG16: =SUM(AH16:AK16) -> 0 | AH16: =COUNTIF(B16:AF16,"V")+COUNTIF(B16:AF16,"V1")/2+COUNTIF(B16:AF16,"V2")/2 -> 0 | AI16: =COUNTIF(B16:AF16,"S")+COUNTIF(B16:AF16,"S1")/2+COUNTIF(B16:AF16,"S2")/2 -> 0 | AJ16: =COUNTIF(B16:AF16,"M") -> 0 | AK16: =COUNTIF(B16:AF16,"U") -> 0
A17: Ujjwal Waikar | AG17: =SUM(AH17:AK17) -> 0 | AH17: =COUNTIF(B17:AF17,"V")+COUNTIF(B17:AF17,"V1")/2+COUNTIF(B17:AF17,"V2")/2 -> 0 | AI17: =COUNTIF(B17:AF17,"S")+COUNTIF(B17:AF17,"S1")/2+COUNTIF(B17:AF17,"S2")/2 -> 0 | AJ17: =COUNTIF(B17:AF17,"M") -> 0 | AK17: =COUNTIF(B17:AF17,"U") -> 0
A18: Rajitha D | AG18: =SUM(AH18:AK18) -> 0 | AH18: =COUNTIF(B18:AF18,"V")+COUNTIF(B18:AF18,"V1")/2+COUNTIF(B18:AF18,"V2")/2 -> 0 | AI18: =COUNTIF(B18:AF18,"S")+COUNTIF(B18:AF18,"S1")/2+COUNTIF(B18:AF18,"S2")/2 -> 0 | AJ18: =COUNTIF(B18:AF18,"M") -> 0 | AK18: =COUNTIF(B18:AF18,"U") -> 0
A19: Lavleen Kaur | AG19: =SUM(AH19:AK19) -> 0 | AH19: =COUNTIF(B19:AF19,"V")+COUNTIF(B19:AF19,"V1")/2+COUNTIF(B19:AF19,"V2")/2 -> 0 | AI19: =COUNTIF(B19:AF19,"S")+COUNTIF(B19:AF19,"S1")/2+COUNTIF(B19:AF19,"S2")/2 -> 0 | AJ19: =COUNTIF(B19:AF19,"M") -> 0 | AK19: =COUNTIF(B19:AF19,"U") -> 0
A20: Sanjay Singhal | AG20: =SUM(AH20:AK20) -> 0 | AH20: =COUNTIF(B20:AF20,"V")+COUNTIF(B20:AF20,"V1")/2+COUNTIF(B20:AF20,"V2")/2 -> 0 | AI20: =COUNTIF(B20:AF20,"S")+COUNTIF(B20:AF20,"S1")/2+COUNTIF(B20:AF20,"S2")/2 -> 0 | AJ20: =COUNTIF(B20:AF20,"M") -> 0 | AK20: =COUNTIF(B20:AF20,"U") -> 0
A21: Robin Babu | AG21: =SUM(AH21:AK21) -> 0 | AH21: =COUNTIF(B21:AF21,"V")+COUNTIF(B21:AF21,"V1")/2+COUNTIF(B21:AF21,"V2")/2 -> 0 | AI21: =COUNTIF(B21:AF21,"S")+COUNTIF(B21:AF21,"S1")/2+COUNTIF(B21:AF21,"S2")/2 -> 0 | AJ21: =COUNTIF(B21:AF21,"M") -> 0 | AK21: =COUNTIF(B21:AF21,"U") -> 0
A22: Pavani B Raj | AG22: =SUM(AH22:AK22) -> 0 | AH22: =COUNTIF(B22:AF22,"V")+COUNTIF(B22:AF22,"V1")/2+COUNTIF(B22:AF22,"V2")/2 -> 0 | AI22: =COUNTIF(B22:AF22,"S")+COUNTIF(B22:AF22,"S1")/2+COUNTIF(B22:AF22,"S2")/2 -> 0 | AJ22: =COUNTIF(B22:AF22,"M") -> 0 | AK22: =COUNTIF(B22:AF22,"U") -> 0
... A35: Bhalerao, Rachana | AG35: =SUM(AH35:AK35) -> 0 | AH35: =COUNTIF(B35:AF35,"V")+COUNTIF(B35:AF35,"V1")/2+COUNTIF(B35:AF35,"V2")/2 -> 0 | AI35: =COUNTIF(B35:AF35,"S")+COUNTIF(B35:AF35,"S1")/2+COUNTIF(B35:AF35,"S2")/2 -> 0 | AJ35: =COUNTIF(B35:AF35,"M") -> 0 | AK35: =COUNTIF(B35:AF35,"U") -> 0

Sheet Nov
A1: November
A3: Employee | B3: =IF(B4="","",INDEX({"Sun";"Mon";"Tue";"Wen";"Thu";"Fri";"Sat"},WEEKDAY(B4,1))) -> Sun | C3: =IF(C4="","",INDEX({"Sun";"Mon";"Tue";"Wen";"Thu";"Fri";"Sat"},WEEKDAY(C4,1))) -> Mon | D3: =IF(D4="","",INDEX({"Sun";"Mon";"Tue";"Wen";"Thu";"Fri";"Sat"},WEEKDAY(D4,1))) -> Tue | E3: =IF(E4="","",INDEX({"Sun";"Mon";"Tue";"Wen";"Thu";"Fri";"Sat"},WEEKDAY(E4,1))) -> Wen | F3: =IF(F4="","",INDEX({"Sun";"Mon";"Tue";"Wen";"Thu";"Fri";"Sat"},WEEKDAY(F4,1))) -> Thu | G3: =IF(G4="","",INDEX({"Sun";"Mon";"Tue";"Wen";"Thu";"Fri";"Sat"},WEEKDAY(G4,1))) -> Fri | H3: =IF(H4="","",INDEX({"Sun";"Mon";"Tue";"Wen";"Thu";"Fri";"Sat"},WEEKDAY(H4,1))) -> Sat | I3: =IF(I4="","",INDEX({"Sun";"Mon";"Tue";"Wen";"Thu";"Fri";"Sat"},WEEKDAY(I4,1))) -> Sun | ... AE3: =IF(AE4="","",INDEX({"Sun";"Mon";"Tue";"Wen";"Thu";"Fri";"Sat"},WEEKDAY(AE4,1))) -> Mon | AF3: Total Absence Days | AG3: Total Vacation Leave Days | AH3: Total Sick Leave Days | AI3: Maternity or Paternity | AJ3: Leave without Pay | AL3: Absence Type | AM3: Code
B4: =DATE(Year!$B$2,11,1) -> 46327 | C4: =B4+1 -> 46328 | D4: =C4+1 -> 46329 | E4: =D4+1 -> 46330 | F4: =E4+1 -> 46331 | G4: =F4+1 -> 46332 | H4: =G4+1 -> 46333 | I4: =H4+1 -> 46334 | J4: =I4+1 -> 46335 | ... AE4: =AD4+1 -> 46356
A5: Nitish Kumar | AF5: =SUM(AG5:AJ5) -> 0 | AG5: =COUNTIF(B5:AE5,"V")+COUNTIF(B5:AE5,"V1")/2+COUNTIF(B5:AE5,"V2")/2 -> 0 | AH5: =COUNTIF(B5:AE5,"S")+COUNTIF(B5:AE5,"S1")/2+COUNTIF(B5:AE5,"S2")/2 -> 0 | AI5: =COUNTIF(B5:AE5,"M") -> 0 | AJ5: =COUNTIF(B5:AE5,"U") -> 0 | AL5: PTO | AM5: PT
A6: Bharti Kumari | AF6: =SUM(AG6:AJ6) -> 0 | AG6: =COUNTIF(B6:AE6,"V")+COUNTIF(B6:AE6,"V1")/2+COUNTIF(B6:AE6,"V2")/2 -> 0 | AH6: =COUNTIF(B6:AE6,"S")+COUNTIF(B6:AE6,"S1")/2+COUNTIF(B6:AE6,"S2")/2 -> 0 | AI6: =COUNTIF(B6:AE6,"M") -> 0 | AJ6: =COUNTIF(B6:AE6,"U") -> 0 | AL6: Sick leave/ Emergency leave | AM6: S
A7: Sruthi G | AF7: =SUM(AG7:AJ7) -> 0 | AG7: =COUNTIF(B7:AE7,"V")+COUNTIF(B7:AE7,"V1")/2+COUNTIF(B7:AE7,"V2")/2 -> 0 | AH7: =COUNTIF(B7:AE7,"S")+COUNTIF(B7:AE7,"S1")/2+COUNTIF(B7:AE7,"S2")/2 -> 0 | AI7: =COUNTIF(B7:AE7,"M") -> 0 | AJ7: =COUNTIF(B7:AE7,"U") -> 0 | AL7: Half Day | AM7: H1
A8: Balagopalan, Akhila | AF8: =SUM(AG8:AJ8) -> 0 | AG8: =COUNTIF(B8:AE8,"V")+COUNTIF(B8:AE8,"V1")/2+COUNTIF(B8:AE8,"V2")/2 -> 0 | AH8: =COUNTIF(B8:AE8,"S")+COUNTIF(B8:AE8,"S1")/2+COUNTIF(B8:AE8,"S2")/2 -> 0 | AI8: =COUNTIF(B8:AE8,"M") -> 0 | AJ8: =COUNTIF(B8:AE8,"U") -> 0 | AL8: Maternity/Paternity | AM8: MT
A9: Jagannath Belel | AF9: =SUM(AG9:AJ9) -> 0 | AG9: =COUNTIF(B9:AE9,"V")+COUNTIF(B9:AE9,"V1")/2+COUNTIF(B9:AE9,"V2")/2 -> 0 | AH9: =COUNTIF(B9:AE9,"S")+COUNTIF(B9:AE9,"S1")/2+COUNTIF(B9:AE9,"S2")/2 -> 0 | AI9: =COUNTIF(B9:AE9,"M") -> 0 | AJ9: =COUNTIF(B9:AE9,"U") -> 0 | AL9: Firm Holiday | AM9: FH
A10: Sanchi Yadav | AF10: =SUM(AG10:AJ10) -> 0 | AG10: =COUNTIF(B10:AE10,"V")+COUNTIF(B10:AE10,"V1")/2+COUNTIF(B10:AE10,"V2")/2 -> 0 | AH10: =COUNTIF(B10:AE10,"S")+COUNTIF(B10:AE10,"S1")/2+COUNTIF(B10:AE10,"S2")/2 -> 0 | AI10: =COUNTIF(B10:AE10,"M") -> 0 | AJ10: =COUNTIF(B10:AE10,"U") -> 0 | AL10: Leave without Pay | AM10: U
A11: Gollapudi, Gireesh | AF11: =SUM(AG11:AJ11) -> 0 | AG11: =COUNTIF(B11:AE11,"V")+COUNTIF(B11:AE11,"V1")/2+COUNTIF(B11:AE11,"V2")/2 -> 0 | AH11: =COUNTIF(B11:AE11,"S")+COUNTIF(B11:AE11,"S1")/2+COUNTIF(B11:AE11,"S2")/2 -> 0 | AI11: =COUNTIF(B11:AE11,"M") -> 0 | AJ11: =COUNTIF(B11:AE11,"U") -> 0
A12: Rachana, Golla | AF12: =SUM(AG12:AJ12) -> 0 | AG12: =COUNTIF(B12:AE12,"V")+COUNTIF(B12:AE12,"V1")/2+COUNTIF(B12:AE12,"V2")/2 -> 0 | AH12: =COUNTIF(B12:AE12,"S")+COUNTIF(B12:AE12,"S1")/2+COUNTIF(B12:AE12,"S2")/2 -> 0 | AI12: =COUNTIF(B12:AE12,"M") -> 0 | AJ12: =COUNTIF(B12:AE12,"U") -> 0
A13: Parth Zalavadia | AF13: =SUM(AG13:AJ13) -> 0 | AG13: =COUNTIF(B13:AE13,"V")+COUNTIF(B13:AE13,"V1")/2+COUNTIF(B13:AE13,"V2")/2 -> 0 | AH13: =COUNTIF(B13:AE13,"S")+COUNTIF(B13:AE13,"S1")/2+COUNTIF(B13:AE13,"S2")/2 -> 0 | AI13: =COUNTIF(B13:AE13,"M") -> 0 | AJ13: =COUNTIF(B13:AE13,"U") -> 0
A14: Harshit Malpani | AF14: =SUM(AG14:AJ14) -> 0 | AG14: =COUNTIF(B14:AE14,"V")+COUNTIF(B14:AE14,"V1")/2+COUNTIF(B14:AE14,"V2")/2 -> 0 | AH14: =COUNTIF(B14:AE14,"S")+COUNTIF(B14:AE14,"S1")/2+COUNTIF(B14:AE14,"S2")/2 -> 0 | AI14: =COUNTIF(B14:AE14,"M") -> 0 | AJ14: =COUNTIF(B14:AE14,"U") -> 0
A15: Friendsis Rai | AF15: =SUM(AG15:AJ15) -> 0 | AG15: =COUNTIF(B15:AE15,"V")+COUNTIF(B15:AE15,"V1")/2+COUNTIF(B15:AE15,"V2")/2 -> 0 | AH15: =COUNTIF(B15:AE15,"S")+COUNTIF(B15:AE15,"S1")/2+COUNTIF(B15:AE15,"S2")/2 -> 0 | AI15: =COUNTIF(B15:AE15,"M") -> 0 | AJ15: =COUNTIF(B15:AE15,"U") -> 0
A16: Divya Maheshwari | AF16: =SUM(AG16:AJ16) -> 0 | AG16: =COUNTIF(B16:AE16,"V")+COUNTIF(B16:AE16,"V1")/2+COUNTIF(B16:AE16,"V2")/2 -> 0 | AH16: =COUNTIF(B16:AE16,"S")+COUNTIF(B16:AE16,"S1")/2+COUNTIF(B16:AE16,"S2")/2 -> 0 | AI16: =COUNTIF(B16:AE16,"M") -> 0 | AJ16: =COUNTIF(B16:AE16,"U") -> 0
A17: Ujjwal Waikar | AF17: =SUM(AG17:AJ17) -> 0 | AG17: =COUNTIF(B17:AE17,"V")+COUNTIF(B17:AE17,"V1")/2+COUNTIF(B17:AE17,"V2")/2 -> 0 | AH17: =COUNTIF(B17:AE17,"S")+COUNTIF(B17:AE17,"S1")/2+COUNTIF(B17:AE17,"S2")/2 -> 0 | AI17: =COUNTIF(B17:AE17,"M") -> 0 | AJ17: =COUNTIF(B17:AE17,"U") -> 0
A18: Rajitha D | AF18: =SUM(AG18:AJ18) -> 0 | AG18: =COUNTIF(B18:AE18,"V")+COUNTIF(B18:AE18,"V1")/2+COUNTIF(B18:AE18,"V2")/2 -> 0 | AH18: =COUNTIF(B18:AE18,"S")+COUNTIF(B18:AE18,"S1")/2+COUNTIF(B18:AE18,"S2")/2 -> 0 | AI18: =COUNTIF(B18:AE18,"M") -> 0 | AJ18: =COUNTIF(B18:AE18,"U") -> 0
A19: Lavleen Kaur | AF19: =SUM(AG19:AJ19) -> 0 | AG19: =COUNTIF(B19:AE19,"V")+COUNTIF(B19:AE19,"V1")/2+COUNTIF(B19:AE19,"V2")/2 -> 0 | AH19: =COUNTIF(B19:AE19,"S")+COUNTIF(B19:AE19,"S1")/2+COUNTIF(B19:AE19,"S2")/2 -> 0 | AI19: =COUNTIF(B19:AE19,"M") -> 0 | AJ19: =COUNTIF(B19:AE19,"U") -> 0
A20: Sanjay Singhal | AF20: =SUM(AG20:AJ20) -> 0 | AG20: =COUNTIF(B20:AE20,"V")+COUNTIF(B20:AE20,"V1")/2+COUNTIF(B20:AE20,"V2")/2 -> 0 | AH20: =COUNTIF(B20:AE20,"S")+COUNTIF(B20:AE20,"S1")/2+COUNTIF(B20:AE20,"S2")/2 -> 0 | AI20: =COUNTIF(B20:AE20,"M") -> 0 | AJ20: =COUNTIF(B20:AE20,"U") -> 0
A21: Robin Babu | AF21: =SUM(AG21:AJ21) -> 0 | AG21: =COUNTIF(B21:AE21,"V")+COUNTIF(B21:AE21,"V1")/2+COUNTIF(B21:AE21,"V2")/2 -> 0 | AH21: =COUNTIF(B21:AE21,"S")+COUNTIF(B21:AE21,"S1")/2+COUNTIF(B21:AE21,"S2")/2 -> 0 | AI21: =COUNTIF(B21:AE21,"M") -> 0 | AJ21: =COUNTIF(B21:AE21,"U") -> 0
A22: Pavani B Raj | AF22: =SUM(AG22:AJ22) -> 0 | AG22: =COUNTIF(B22:AE22,"V")+COUNTIF(B22:AE22,"V1")/2+COUNTIF(B22:AE22,"V2")/2 -> 0 | AH22: =COUNTIF(B22:AE22,"S")+COUNTIF(B22:AE22,"S1")/2+COUNTIF(B22:AE22,"S2")/2 -> 0 | AI22: =COUNTIF(B22:AE22,"M") -> 0 | AJ22: =COUNTIF(B22:AE22,"U") -> 0
... A35: Bhalerao, Rachana | AF35: =SUM(AG35:AJ35) -> 0 | AG35: =COUNTIF(B35:AE35,"V")+COUNTIF(B35:AE35,"V1")/2+COUNTIF(B35:AE35,"V2")/2 -> 0 | AH35: =COUNTIF(B35:AE35,"S")+COUNTIF(B35:AE35,"S1")/2+COUNTIF(B35:AE35,"S2")/2 -> 0 | AI35: =COUNTIF(B35:AE35,"M") -> 0 | AJ35: =COUNTIF(B35:AE35,"U") -> 0
AF36: =SUM(AG36:AJ36) -> 0 | AG36: =COUNTIF(B36:AE36,"V")+COUNTIF(B36:AE36,"V1")/2+COUNTIF(B36:AE36,"V2")/2 -> 0 | AH36: =COUNTIF(B36:AE36,"S")+COUNTIF(B36:AE36,"S1")/2+COUNTIF(B36:AE36,"S2")/2 -> 0 | AI36: =COUNTIF(B36:AE36,"M") -> 0 | AJ36: =COUNTIF(B36:AE36,"U") -> 0
AF37: =SUM(AG37:AJ37) -> 0 | AG37: =COUNTIF(B37:AE37,"V")+COUNTIF(B37:AE37,"V1")/2+COUNTIF(B37:AE37,"V2")/2 -> 0 | AH37: =COUNTIF(B37:AE37,"S")+COUNTIF(B37:AE37,"S1")/2+COUNTIF(B37:AE37,"S2")/2 -> 0 | AI37: =COUNTIF(B37:AE37,"M") -> 0 | AJ37: =COUNTIF(B37:AE37,"U") -> 0

Sheet Dec
A1: December
A3: Employee | B3: =IF(B4="","",INDEX({"Sun";"Mon";"Tue";"Wed";"Thu";"Fri";"Sat"},WEEKDAY(B4,1))) -> Tue | C3: =IF(C4="","",INDEX({"Sun";"Mon";"Tue";"Wed";"Thu";"Fri";"Sat"},WEEKDAY(C4,1))) -> Wed | D3: =IF(D4="","",INDEX({"Sun";"Mon";"Tue";"Wed";"Thu";"Fri";"Sat"},WEEKDAY(D4,1))) -> Thu | E3: =IF(E4="","",INDEX({"Sun";"Mon";"Tue";"Wed";"Thu";"Fri";"Sat"},WEEKDAY(E4,1))) -> Fri | F3: =IF(F4="","",INDEX({"Sun";"Mon";"Tue";"Wed";"Thu";"Fri";"Sat"},WEEKDAY(F4,1))) -> Sat | G3: =IF(G4="","",INDEX({"Sun";"Mon";"Tue";"Wed";"Thu";"Fri";"Sat"},WEEKDAY(G4,1))) -> Sun | H3: =IF(H4="","",INDEX({"Sun";"Mon";"Tue";"Wed";"Thu";"Fri";"Sat"},WEEKDAY(H4,1))) -> Mon | I3: =IF(I4="","",INDEX({"Sun";"Mon";"Tue";"Wed";"Thu";"Fri";"Sat"},WEEKDAY(I4,1))) -> Tue | ... AF3: =IF(AF4="","",INDEX({"Sun";"Mon";"Tue";"Wed";"Thu";"Fri";"Sat"},WEEKDAY(AF4,1))) -> Thu | AG3: Total Absence Days | AH3: Total Vacation Leave Days | AI3: Total Sick Leave Days | AJ3: Maternity or Paternity | AK3: Leave without Pay | AM3: Absence Type | AN3: Code
B4: =DATE(Year!$B$2,12,1) -> 46357 | C4: =B4+1 -> 46358 | D4: =C4+1 -> 46359 | E4: =D4+1 -> 46360 | F4: =E4+1 -> 46361 | G4: =F4+1 -> 46362 | H4: =G4+1 -> 46363 | I4: =H4+1 -> 46364 | J4: =I4+1 -> 46365 | ... AF4: =AE4+1 -> 46387
A5: Nitish Kumar | AG5: =SUM(AH5:AK5) -> 0 | AH5: =COUNTIF(B5:AF5,"V")+COUNTIF(B5:AF5,"V1")/2+COUNTIF(B5:AF5,"V2")/2 -> 0 | AI5: =COUNTIF(B5:AF5,"S")+COUNTIF(B5:AF5,"S1")/2+COUNTIF(B5:AF5,"S2")/2 -> 0 | AJ5: =COUNTIF(B5:AF5,"M") -> 0 | AK5: =COUNTIF(B5:AF5,"U") -> 0 | AM5: PTO | AN5: PT
A6: Bharti Kumari | AG6: =SUM(AH6:AK6) -> 0 | AH6: =COUNTIF(B6:AF6,"V")+COUNTIF(B6:AF6,"V1")/2+COUNTIF(B6:AF6,"V2")/2 -> 0 | AI6: =COUNTIF(B6:AF6,"S")+COUNTIF(B6:AF6,"S1")/2+COUNTIF(B6:AF6,"S2")/2 -> 0 | AJ6: =COUNTIF(B6:AF6,"M") -> 0 | AK6: =COUNTIF(B6:AF6,"U") -> 0 | AM6: Sick leave/ Emergency leave | AN6: S
A7: Sruthi G | AG7: =SUM(AH7:AK7) -> 0 | AH7: =COUNTIF(B7:AF7,"V")+COUNTIF(B7:AF7,"V1")/2+COUNTIF(B7:AF7,"V2")/2 -> 0 | AI7: =COUNTIF(B7:AF7,"S")+COUNTIF(B7:AF7,"S1")/2+COUNTIF(B7:AF7,"S2")/2 -> 0 | AJ7: =COUNTIF(B7:AF7,"M") -> 0 | AK7: =COUNTIF(B7:AF7,"U") -> 0 | AM7: Half Day | AN7: H1
A8: Balagopalan, Akhila | AG8: =SUM(AH8:AK8) -> 0 | AH8: =COUNTIF(B8:AF8,"V")+COUNTIF(B8:AF8,"V1")/2+COUNTIF(B8:AF8,"V2")/2 -> 0 | AI8: =COUNTIF(B8:AF8,"S")+COUNTIF(B8:AF8,"S1")/2+COUNTIF(B8:AF8,"S2")/2 -> 0 | AJ8: =COUNTIF(B8:AF8,"M") -> 0 | AK8: =COUNTIF(B8:AF8,"U") -> 0 | AM8: Maternity/Paternity | AN8: MT
A9: Jagannath Belel | AG9: =SUM(AH9:AK9) -> 0 | AH9: =COUNTIF(B9:AF9,"V")+COUNTIF(B9:AF9,"V1")/2+COUNTIF(B9:AF9,"V2")/2 -> 0 | AI9: =COUNTIF(B9:AF9,"S")+COUNTIF(B9:AF9,"S1")/2+COUNTIF(B9:AF9,"S2")/2 -> 0 | AJ9: =COUNTIF(B9:AF9,"M") -> 0 | AK9: =COUNTIF(B9:AF9,"U") -> 0 | AM9: Firm Holiday | AN9: FH
A10: Sanchi Yadav | AG10: =SUM(AH10:AK10) -> 0 | AH10: =COUNTIF(B10:AF10,"V")+COUNTIF(B10:AF10,"V1")/2+COUNTIF(B10:AF10,"V2")/2 -> 0 | AI10: =COUNTIF(B10:AF10,"S")+COUNTIF(B10:AF10,"S1")/2+COUNTIF(B10:AF10,"S2")/2 -> 0 | AJ10: =COUNTIF(B10:AF10,"M") -> 0 | AK10: =COUNTIF(B10:AF10,"U") -> 0 | AM10: Leave without Pay | AN10: U
A11: Gollapudi, Gireesh | AG11: =SUM(AH11:AK11) -> 0 | AH11: =COUNTIF(B11:AF11,"V")+COUNTIF(B11:AF11,"V1")/2+COUNTIF(B11:AF11,"V2")/2 -> 0 | AI11: =COUNTIF(B11:AF11,"S")+COUNTIF(B11:AF11,"S1")/2+COUNTIF(B11:AF11,"S2")/2 -> 0 | AJ11: =COUNTIF(B11:AF11,"M") -> 0 | AK11: =COUNTIF(B11:AF11,"U") -> 0
A12: Rachana, Golla | AG12: =SUM(AH12:AK12) -> 0 | AH12: =COUNTIF(B12:AF12,"V")+COUNTIF(B12:AF12,"V1")/2+COUNTIF(B12:AF12,"V2")/2 -> 0 | AI12: =COUNTIF(B12:AF12,"S")+COUNTIF(B12:AF12,"S1")/2+COUNTIF(B12:AF12,"S2")/2 -> 0 | AJ12: =COUNTIF(B12:AF12,"M") -> 0 | AK12: =COUNTIF(B12:AF12,"U") -> 0
A13: Parth Zalavadia | AG13: =SUM(AH13:AK13) -> 0 | AH13: =COUNTIF(B13:AF13,"V")+COUNTIF(B13:AF13,"V1")/2+COUNTIF(B13:AF13,"V2")/2 -> 0 | AI13: =COUNTIF(B13:AF13,"S")+COUNTIF(B13:AF13,"S1")/2+COUNTIF(B13:AF13,"S2")/2 -> 0 | AJ13: =COUNTIF(B13:AF13,"M") -> 0 | AK13: =COUNTIF(B13:AF13,"U") -> 0
A14: Harshit Malpani | AG14: =SUM(AH14:AK14) -> 0 | AH14: =COUNTIF(B14:AF14,"V")+COUNTIF(B14:AF14,"V1")/2+COUNTIF(B14:AF14,"V2")/2 -> 0 | AI14: =COUNTIF(B14:AF14,"S")+COUNTIF(B14:AF14,"S1")/2+COUNTIF(B14:AF14,"S2")/2 -> 0 | AJ14: =COUNTIF(B14:AF14,"M") -> 0 | AK14: =COUNTIF(B14:AF14,"U") -> 0
A15: Friendsis Rai | AG15: =SUM(AH15:AK15) -> 0 | AH15: =COUNTIF(B15:AF15,"V")+COUNTIF(B15:AF15,"V1")/2+COUNTIF(B15:AF15,"V2")/2 -> 0 | AI15: =COUNTIF(B15:AF15,"S")+COUNTIF(B15:AF15,"S1")/2+COUNTIF(B15:AF15,"S2")/2 -> 0 | AJ15: =COUNTIF(B15:AF15,"M") -> 0 | AK15: =COUNTIF(B15:AF15,"U") -> 0
A16: Divya Maheshwari | AG16: =SUM(AH16:AK16) -> 0 | AH16: =COUNTIF(B16:AF16,"V")+COUNTIF(B16:AF16,"V1")/2+COUNTIF(B16:AF16,"V2")/2 -> 0 | AI16: =COUNTIF(B16:AF16,"S")+COUNTIF(B16:AF16,"S1")/2+COUNTIF(B16:AF16,"S2")/2 -> 0 | AJ16: =COUNTIF(B16:AF16,"M") -> 0 | AK16: =COUNTIF(B16:AF16,"U") -> 0
A17: Ujjwal Waikar | AG17: =SUM(AH17:AK17) -> 0 | AH17: =COUNTIF(B17:AF17,"V")+COUNTIF(B17:AF17,"V1")/2+COUNTIF(B17:AF17,"V2")/2 -> 0 | AI17: =COUNTIF(B17:AF17,"S")+COUNTIF(B17:AF17,"S1")/2+COUNTIF(B17:AF17,"S2")/2 -> 0 | AJ17: =COUNTIF(B17:AF17,"M") -> 0 | AK17: =COUNTIF(B17:AF17,"U") -> 0
A18: Rajitha D | AG18: =SUM(AH18:AK18) -> 0 | AH18: =COUNTIF(B18:AF18,"V")+COUNTIF(B18:AF18,"V1")/2+COUNTIF(B18:AF18,"V2")/2 -> 0 | AI18: =COUNTIF(B18:AF18,"S")+COUNTIF(B18:AF18,"S1")/2+COUNTIF(B18:AF18,"S2")/2 -> 0 | AJ18: =COUNTIF(B18:AF18,"M") -> 0 | AK18: =COUNTIF(B18:AF18,"U") -> 0
A19: Lavleen Kaur | AG19: =SUM(AH19:AK19) -> 0 | AH19: =COUNTIF(B19:AF19,"V")+COUNTIF(B19:AF19,"V1")/2+COUNTIF(B19:AF19,"V2")/2 -> 0 | AI19: =COUNTIF(B19:AF19,"S")+COUNTIF(B19:AF19,"S1")/2+COUNTIF(B19:AF19,"S2")/2 -> 0 | AJ19: =COUNTIF(B19:AF19,"M") -> 0 | AK19: =COUNTIF(B19:AF19,"U") -> 0
A20: Sanjay Singhal | AG20: =SUM(AH20:AK20) -> 0 | AH20: =COUNTIF(B20:AF20,"V")+COUNTIF(B20:AF20,"V1")/2+COUNTIF(B20:AF20,"V2")/2 -> 0 | AI20: =COUNTIF(B20:AF20,"S")+COUNTIF(B20:AF20,"S1")/2+COUNTIF(B20:AF20,"S2")/2 -> 0 | AJ20: =COUNTIF(B20:AF20,"M") -> 0 | AK20: =COUNTIF(B20:AF20,"U") -> 0
A21: Robin Babu | AG21: =SUM(AH21:AK21) -> 0 | AH21: =COUNTIF(B21:AF21,"V")+COUNTIF(B21:AF21,"V1")/2+COUNTIF(B21:AF21,"V2")/2 -> 0 | AI21: =COUNTIF(B21:AF21,"S")+COUNTIF(B21:AF21,"S1")/2+COUNTIF(B21:AF21,"S2")/2 -> 0 | AJ21: =COUNTIF(B21:AF21,"M") -> 0 | AK21: =COUNTIF(B21:AF21,"U") -> 0
A22: Pavani B Raj | AG22: =SUM(AH22:AK22) -> 0 | AH22: =COUNTIF(B22:AF22,"V")+COUNTIF(B22:AF22,"V1")/2+COUNTIF(B22:AF22,"V2")/2 -> 0 | AI22: =COUNTIF(B22:AF22,"S")+COUNTIF(B22:AF22,"S1")/2+COUNTIF(B22:AF22,"S2")/2 -> 0 | AJ22: =COUNTIF(B22:AF22,"M") -> 0 | AK22: =COUNTIF(B22:AF22,"U") -> 0
... A35: Bhalerao, Rachana | AG35: =SUM(AH35:AK35) -> 0 | AH35: =COUNTIF(B35:AF35,"V")+COUNTIF(B35:AF35,"V1")/2+COUNTIF(B35:AF35,"V2")/2 -> 0 | AI35: =COUNTIF(B35:AF35,"S")+COUNTIF(B35:AF35,"S1")/2+COUNTIF(B35:AF35,"S2")/2 -> 0 | AJ35: =COUNTIF(B35:AF35,"M") -> 0 | AK35: =COUNTIF(B35:AF35,"U") -> 0

Sheet Summary
A2: Year Summary
A5: Employee | B5: Total Absence Days | C5: Total Vacation Leave Days | D5: Total Sick Leave Days | E5: Maternity or Paternity | F5: Leave without Pay
D9: =Jan!AI7+Feb!AF6+Mar!AI7+Apr!AH6+May!AI6+Jun!AH6+Jul!AI6+Aug!AI6+Sep!AH6+Oct!AI6+Nov!AH6+Dec!AI6 -> 0 | F9: =Jan!AK7+Feb!AH6+Mar!AK7+Apr!AJ6+May!AK6+Jun!AJ6+Jul!AK6+Aug!AK6+Sep!AJ6+Oct!AK6+Nov!AJ6+Dec!AK6 -> 0
C10: =Jan!AH8+Feb!AE7+Mar!AH8+Apr!AG7+May!AH7+Jun!AG7+Jul!AH7+Aug!AH7+Sep!AG7+Oct!AH7+Nov!AG7+Dec!AH7 -> 0
C11: =Jan!AH9+Feb!AE8+Mar!AH9+Apr!AG8+May!AH8+Jun!AG8+Jul!AH8+Aug!AH8+Sep!AG8+Oct!AH8+Nov!AG8+Dec!AH8 -> 0 | E11: =Jan!AJ9+Feb!AG8+Mar!AJ9+Apr!AI8+May!AJ8+Jun!AI8+Jul!AJ8+Aug!AJ8+Sep!AI8+Oct!AJ8+Nov!AI8+Dec!AJ8 -> 0
E12: =Jan!AJ10+Feb!AG9+Mar!AJ10+Apr!AI9+May!AJ9+Jun!AI9+Jul!AJ9+Aug!AJ9+Sep!AI9+Oct!AJ9+Nov!AI9+Dec!AJ9 -> 0
E16: =Jan!AJ12+Feb!AG13+Mar!AJ14+Apr!AI13+May!AJ13+Jun!AI13+Jul!AJ13+Aug!AJ13+Sep!AI13+Oct!AJ13+Nov!AI13+Dec!AJ13 -> 0
C17: =Jan!AH13+Feb!AE14+Mar!AH15+Apr!AG14+May!AH14+Jun!AG14+Jul!AH14+Aug!AH14+Sep!AG14+Oct!AH14+Nov!AG14+Dec!AH14 -> 0 | E17: =Jan!AJ13+Feb!AG14+Mar!AJ15+Apr!AI14+May!AJ14+Jun!AI14+Jul!AJ14+Aug!AJ14+Sep!AI14+Oct!AJ14+Nov!AI14+Dec!AJ14 -> 0 | F17: =Jan!AK13+Feb!AH14+Mar!AK15+Apr!AJ14+May!AK14+Jun!AJ14+Jul!AK14+Aug!AK14+Sep!AJ14+Oct!AK14+Nov!AJ14+Dec!AK14 -> 0
